"Onderwerpen_1";"Onderwerpen_2";"Bedrijfstakken/branches (SBI 2008)";"Perioden";"2010";"2011"
"Arbeidsvolume";"Werkzame persoon";"016 Dienstverlening voor de landbouw";"x 1 000";"29.4";"31.6"
"Arbeidsvolume";"Werkzame persoon";"B-E Nijverheid (geen bouw) en energie";"x 1 000";"874.0";"882.7"
"Arbeidsvolume";"Werkzame persoon";"B Delfstoffenwinning";"x 1 000";"10.8";"13.7"
"Arbeidsvolume";"Werkzame persoon";"06 Winning van aardolie en aardgas";"x 1 000";"3.9";"4.1"
"Arbeidsvolume";"Werkzame persoon";"08 Delfstoffenwinning (geen olie en gas)";"x 1 000";"1.9";"2.1"
"Arbeidsvolume";"Werkzame persoon";"09 Dienstverlening delfstoffenwinning";"x 1 000";"5.0";"7.5"
"Arbeidsvolume";"Werkzame persoon";"C Industrie";"x 1 000";"798.9";"802.8"
"Arbeidsvolume";"Werkzame persoon";"10-12 Voedings-, genotmiddelenindustrie";"x 1 000";"130.9";"129.9"
"Arbeidsvolume";"Werkzame persoon";"10 Voedingsmiddelenindustrie";"x 1 000";"120.3";"119.6"
"Arbeidsvolume";"Werkzame persoon";"101 Slachterijen en vleeswarenindustrie";"x 1 000";"20.4";"20.5"
"Arbeidsvolume";"Werkzame persoon";"1011 Slachterijen (geen pluimvee)";"x 1 000";"8.5";"8.4"
"Arbeidsvolume";"Werkzame persoon";"1012 Pluimveeslachterijen";"x 1 000";"4.5";"4.9"
"Arbeidsvolume";"Werkzame persoon";"1013 Vleesverwerkende industrie";"x 1 000";"7.4";"7.2"
"Arbeidsvolume";"Werkzame persoon";"102 Visverwerkende industrie";"x 1 000";"3.0";"3.0"
"Arbeidsvolume";"Werkzame persoon";"103 Groente-, fruitverwerkende industrie";"x 1 000";".";"12.0"
"Arbeidsvolume";"Werkzame persoon";"1031 Aardappelproductenindustrie";"x 1 000";"4.2";"4.5"
"Arbeidsvolume";"Werkzame persoon";"104 Spijsoliën- en -vettenindustrie e.d.";"x 1 000";"2.7";"2.6"
"Arbeidsvolume";"Werkzame persoon";"105 Zuivelindustrie";"x 1 000";"11.7";"11.7"
"Arbeidsvolume";"Werkzame persoon";"106 Meelindustrie";"x 1 000";"3.1";"3.3"
"Arbeidsvolume";"Werkzame persoon";"1061 Meelindustrie (geen zetmeel)";"x 1 000";"1.4";"1.5"
"Arbeidsvolume";"Werkzame persoon";"1062 Zetmeelindustrie";"x 1 000";"1.8";"1.9"
"Arbeidsvolume";"Werkzame persoon";"107 Brood- en deegwarenindustrie";"x 1 000";"35.6";"34.7"
"Arbeidsvolume";"Werkzame persoon";"1072 Banket- en koekindustrie";"x 1 000";"6.9";"6.3"
"Arbeidsvolume";"Werkzame persoon";"108 Overige voedingsmiddelenindustrie";"x 1 000";"25.0";"24.4"
"Arbeidsvolume";"Werkzame persoon";"1082 Cacao- en chocoladewerkindustrie";"x 1 000";"6.7";"6.7"
"Arbeidsvolume";"Werkzame persoon";"109 Diervoederindustrie";"x 1 000";"7.4";"7.5"
"Arbeidsvolume";"Werkzame persoon";"11 Drankenindustrie";"x 1 000";"7.6";"7.4"
"Arbeidsvolume";"Werkzame persoon";"1107 Frisdrankindustrie";"x 1 000";"2.2";"2.2"
"Arbeidsvolume";"Werkzame persoon";"12 Tabaksindustrie";"x 1 000";"3.0";"2.9"
"Arbeidsvolume";"Werkzame persoon";"13-15 Textiel-, kleding-, lederindustrie";"x 1 000";"16.4";"16.3"
"Arbeidsvolume";"Werkzame persoon";"13 Textielindustrie";"x 1 000";"11.6";"12.2"
"Arbeidsvolume";"Werkzame persoon";"139 Overige textielproductenindustrie";"x 1 000";"8.7";"9.1"
"Arbeidsvolume";"Werkzame persoon";"14 Kledingindustrie";"x 1 000";"3.0";"2.5"
"Arbeidsvolume";"Werkzame persoon";"15 Leer- en schoenenindustrie";"x 1 000";"1.8";"1.6"
"Arbeidsvolume";"Werkzame persoon";"16+23 Hout- en bouwmaterialenindustrie";"x 1 000";"44.7";"43.8"
"Arbeidsvolume";"Werkzame persoon";"16 Houtindustrie";"x 1 000";"17.1";"16.0"
"Arbeidsvolume";"Werkzame persoon";"161 Primaire houtbewerking e.d.";"x 1 000";"1.4";"1.3"
"Arbeidsvolume";"Werkzame persoon";"162 Hout-, kurk-, en rietwarenindustrie";"x 1 000";"15.7";"14.7"
"Arbeidsvolume";"Werkzame persoon";"1623 Timmerindustrie";"x 1 000";"10.7";"10.3"
"Arbeidsvolume";"Werkzame persoon";"17-18 Papier- en grafische industrie";"x 1 000";"48.6";"46.9"
"Arbeidsvolume";"Werkzame persoon";"17 Papierindustrie";"x 1 000";"18.7";"18.3"
"Arbeidsvolume";"Werkzame persoon";"171 Pulp-, papier- en kartonindustrie";"x 1 000";"3.8";"3.9"
"Arbeidsvolume";"Werkzame persoon";"172 Papier- en kartonwarenindustrie";"x 1 000";"14.9";"14.4"
"Arbeidsvolume";"Werkzame persoon";"1721 Karton- e.d. verpakkingenindustrie";"x 1 000";"8.0";"8.0"
"Arbeidsvolume";"Werkzame persoon";"18 Grafische industrie";"x 1 000";"29.9";"28.7"
"Arbeidsvolume";"Werkzame persoon";"181 Drukkerijen en diensten daarvoor";"x 1 000";"29.0";"27.8"
"Arbeidsvolume";"Werkzame persoon";"1812 Overige drukkerijen";"x 1 000";"24.0";"23.0"
"Arbeidsvolume";"Werkzame persoon";"182 Repro van geluid, beeld en software";"x 1 000";"0.9";"0.8"
"Arbeidsvolume";"Werkzame persoon";"19-22 Raffinaderijen en chemie";"x 1 000";"100.3";"101.1"
"Arbeidsvolume";"Werkzame persoon";"19 Aardolie-industrie";"x 1 000";"6.4";"6.1"
"Arbeidsvolume";"Werkzame persoon";"19201 Raffinaderijen";"x 1 000";"5.4";"5.1"
"Arbeidsvolume";"Werkzame persoon";"20-21 Chemie en farmaceutische industrie";"x 1 000";"62.5";"62.7"
"Arbeidsvolume";"Werkzame persoon";"20 Chemische industrie";"x 1 000";"46.3";"47.9"
"Arbeidsvolume";"Werkzame persoon";"201 Basischemie";"x 1 000";"26.6";"27.9"
"Arbeidsvolume";"Werkzame persoon";"2013 Overige anorganische basischemie";"x 1 000";"2.9";"3.0"
"Arbeidsvolume";"Werkzame persoon";"2014 Overige organische basischemie";"x 1 000";"9.0";"9.6"
"Arbeidsvolume";"Werkzame persoon";"20141 Petrochemische industrie";"x 1 000";"5.5";"4.9"
"Arbeidsvolume";"Werkzame persoon";"20149 Overige organische basischemie";"x 1 000";"3.5";"4.7"
"Arbeidsvolume";"Werkzame persoon";"2015 Kunstmestindustrie";"x 1 000";"1.5";"1.5"
"Arbeidsvolume";"Werkzame persoon";"2016 Kunststofindustrie";"x 1 000";"9.8";"10.2"
"Arbeidsvolume";"Werkzame persoon";"203 Verf-, vernis- en drukinktindustrie";"x 1 000";"6.2";"6.2"
"Arbeidsvolume";"Werkzame persoon";"205 Overige chemische productenindustrie";"x 1 000";"7.0";"7.3"
"Arbeidsvolume";"Werkzame persoon";"206 Synthetische vezelindustrie";"x 1 000";"2.2";"2.3"
"Arbeidsvolume";"Werkzame persoon";"21 Farmaceutische industrie";"x 1 000";"16.3";"14.8"
"Arbeidsvolume";"Werkzame persoon";"211 Farmaceutische grondstofindustrie";"x 1 000";"0.4";"0.4"
"Arbeidsvolume";"Werkzame persoon";"212 Farmaceutische productenindustrie";"x 1 000";"15.9";"14.4"
"Arbeidsvolume";"Werkzame persoon";"22 Rubber- en kunststofproductindustrie";"x 1 000";"31.4";"32.3"
"Arbeidsvolume";"Werkzame persoon";"221 Rubberproductenindustrie";"x 1 000";"3.6";"3.9"
"Arbeidsvolume";"Werkzame persoon";"222 Kunststofproductenindustrie";"x 1 000";"27.8";"28.4"
"Arbeidsvolume";"Werkzame persoon";"2221 Kunststofplaat-, -profielindustrie";"x 1 000";"9.1";"8.9"
"Arbeidsvolume";"Werkzame persoon";"2229 Overige kunststofproductenindustrie";"x 1 000";"8.7";"8.1"
"Arbeidsvolume";"Werkzame persoon";"23 Bouwmaterialenindustrie";"x 1 000";"27.6";"27.8"
"Arbeidsvolume";"Werkzame persoon";"231 Glas- en glaswerkindustrie";"x 1 000";"5.7";"5.5"
"Arbeidsvolume";"Werkzame persoon";"236 Beton-, gips-, cementwarenindustrie";"x 1 000";"13.4";"13.7"
"Arbeidsvolume";"Werkzame persoon";"2361 Betonwaren-, kalkzandsteenindustrie";"x 1 000";"10.2";"10.6"
"Arbeidsvolume";"Werkzame persoon";"237 Natuursteenbewerkende industrie";"x 1 000";"2.1";"1.9"
"Arbeidsvolume";"Werkzame persoon";"24-30, 33 Metaal-elektro industrie";"x 1 000";"332.5";"338.1"
"Arbeidsvolume";"Werkzame persoon";"24-25 Basismetaal, metaalprod.-industrie";"x 1 000";"116.3";"118.1"
"Arbeidsvolume";"Werkzame persoon";"24 Basismetaalindustrie";"x 1 000";"21.8";"21.9"
"Arbeidsvolume";"Werkzame persoon";"241 IJzer- en staalindustrie";"x 1 000";"x";"x"
"Arbeidsvolume";"Werkzame persoon";"244 Edel- en non-ferrometaalindustrie";"x 1 000";"5.7";"5.5"
"Arbeidsvolume";"Werkzame persoon";"245 Metaalgieterijen";"x 1 000";"3.8";"4.2"
"Arbeidsvolume";"Werkzame persoon";"25 Metaalproductenindustrie";"x 1 000";"94.5";"96.2"
"Arbeidsvolume";"Werkzame persoon";"251 Metalen bouwproductenindustrie";"x 1 000";"39.0";"40.7"
"Arbeidsvolume";"Werkzame persoon";"255 Smederijen, profielwalserijen e.d.";"x 1 000";"8.7";"8.4"
"Arbeidsvolume";"Werkzame persoon";"256 Overige metaalbewerkingsindustrie";"x 1 000";"23.9";"25.7"
"Arbeidsvolume";"Werkzame persoon";"2561 Oppervlaktebehandelingsindustrie";"x 1 000";"8.3";"8.6"
"Arbeidsvolume";"Werkzame persoon";"2562 Algemene metaalbewerkingsindustrie";"x 1 000";"15.7";"17.2"
"Arbeidsvolume";"Werkzame persoon";"257 Bestek-, gereedschapindustrie e.d.";"x 1 000";"3.8";"4.3"
"Arbeidsvolume";"Werkzame persoon";"259 Overige metaalproductenindustrie";"x 1 000";"13.2";"12.4"
"Arbeidsvolume";"Werkzame persoon";"26-27 Elektrische en elektron. Industrie";"x 1 000";"50.9";"51.8"
"Arbeidsvolume";"Werkzame persoon";"26-28 Elektrotechn. en machine-industrie";"x 1 000";"132.0";"136.4"
"Arbeidsvolume";"Werkzame persoon";"26 Elektrotechnische industrie";"x 1 000";"29.5";"28.7"
"Arbeidsvolume";"Werkzame persoon";"263 Communicatieapparatenindustrie";"x 1 000";"1.3";"1.4"
"Arbeidsvolume";"Werkzame persoon";"264 Consumentenelektronicaindustrie";"x 1 000";"1.1";"1.1"
"Arbeidsvolume";"Werkzame persoon";"265 Meetapparaten- en uurwerkindustrie";"x 1 000";"11.1";"10.8"
"Arbeidsvolume";"Werkzame persoon";"267 Optische instrumentenindustrie";"x 1 000";"1.1";"."
"Arbeidsvolume";"Werkzame persoon";"27 Elektrische apparatenindustrie";"x 1 000";"21.3";"23.1"
"Arbeidsvolume";"Werkzame persoon";"271 Elektromotor- en -panelenindustrie";"x 1 000";"6.4";"6.3"
"Arbeidsvolume";"Werkzame persoon";"273 Elektr. kabel-, schakelaarindustrie";"x 1 000";"3.0";"2.8"
"Arbeidsvolume";"Werkzame persoon";"274 Elektrische verlichtingsindustrie";"x 1 000";"5.9";"6.1"
"Arbeidsvolume";"Werkzame persoon";"275 Huishoudelijke apparatenindustrie";"x 1 000";"3.4";"4.0"
"Arbeidsvolume";"Werkzame persoon";"28 Machine-industrie";"x 1 000";"81.2";"84.5"
"Arbeidsvolume";"Werkzame persoon";"281 Motoren-, pompen- e.d. industrie";"x 1 000";"12.7";"12.7"
"Arbeidsvolume";"Werkzame persoon";"282 Overige machine-industrie algemeen";"x 1 000";"33.6";"35.6"
"Arbeidsvolume";"Werkzame persoon";"2822 Hijs- en hefwerktuigenindustrie";"x 1 000";"12.6";"13.2"
"Arbeidsvolume";"Werkzame persoon";"2829 Overige machine-industrie algemeen";"x 1 000";"11.2";"11.2"
"Arbeidsvolume";"Werkzame persoon";"283 Landbouwmachine-industrie";"x 1 000";"6.8";"7.3"
"Arbeidsvolume";"Werkzame persoon";"284 Gereedschapswerktuigenindustrie";"x 1 000";"1.6";"1.3"
"Arbeidsvolume";"Werkzame persoon";"289 Overige machine-industrie specifiek";"x 1 000";"26.4";"27.6"
"Arbeidsvolume";"Werkzame persoon";"2899 Overige machine-industrie specifiek";"x 1 000";"13.6";"15.0"
"Arbeidsvolume";"Werkzame persoon";"29-30 Transportmiddelenindustrie";"x 1 000";"43.2";"41.3"
"Arbeidsvolume";"Werkzame persoon";"29 Auto- en aanhangwagenindustrie";"x 1 000";"21.3";"21.7"
"Arbeidsvolume";"Werkzame persoon";"291 Autoindustrie";"x 1 000";"8.8";"10.1"
"Arbeidsvolume";"Werkzame persoon";"292 Carrosserie-, aanhangwagenindustrie";"x 1 000";"6.9";"6.3"
"Arbeidsvolume";"Werkzame persoon";"293 Auto-onderdelenindustrie";"x 1 000";"5.6";"5.3"
"Arbeidsvolume";"Werkzame persoon";"30 Overige transportmiddelenindustrie";"x 1 000";"21.9";"19.7"
"Arbeidsvolume";"Werkzame persoon";"301 Scheepsbouw";"x 1 000";"14.6";"12.8"
"Arbeidsvolume";"Werkzame persoon";"302 Industrie van rollend spoormaterieel";"x 1 000";"0.3";"0.3"
"Arbeidsvolume";"Werkzame persoon";"309 Overige transportmiddelenindustrie";"x 1 000";"2.8";"2.8"
"Arbeidsvolume";"Werkzame persoon";"31 Meubelindustrie";"x 1 000";"25.0";"23.7"
"Arbeidsvolume";"Werkzame persoon";"3101 Bedrijfsmeubelindustrie";"x 1 000";"14.0";"13.3"
"Arbeidsvolume";"Werkzame persoon";"32 Overige industrie";"x 1 000";"100.4";"102.8"
"Arbeidsvolume";"Werkzame persoon";"325 Medische instrumentenindustrie";"x 1 000";"9.9";"10.7"
"Arbeidsvolume";"Werkzame persoon";"329 Overige industrie";"x 1 000";"87.2";"89.1"
"Arbeidsvolume";"Werkzame persoon";"32991 Sociale werkvoorziening";"x 1 000";"85.2";"87.2"
"Arbeidsvolume";"Werkzame persoon";"33 Reparatie en installatie van machines";"x 1 000";"40.9";"42.3"
"Arbeidsvolume";"Werkzame persoon";"331 Reparatie van machines en apparatuur";"x 1 000";"31.1";"32.4"
"Arbeidsvolume";"Werkzame persoon";"3311 Reparatie van producten van metaal";"x 1 000";".";"."
"Arbeidsvolume";"Werkzame persoon";"332 Installatie van industriële machines";"x 1 000";"9.8";"9.9"
"Arbeidsvolume";"Werkzame persoon";"35-36 Energie- en waterleidingbedrijven";"x 1 000";".";"35.3"
"Arbeidsvolume";"Werkzame persoon";"D Energievoorziening";"x 1 000";"28.9";"29.9"
"Arbeidsvolume";"Werkzame persoon";"35 Energiebedrijven";"x 1 000";"28.9";"29.9"
"Arbeidsvolume";"Werkzame persoon";"3514 Handel in elektriciteit en gas";"x 1 000";"x";"x"
"Arbeidsvolume";"Werkzame persoon";"E Waterbedrijven en afvalbeheer";"x 1 000";"35.4";"36.3"
"Arbeidsvolume";"Werkzame persoon";"36 Waterleidingbedrijven";"x 1 000";"5.5";"5.3"
"Arbeidsvolume";"Werkzame persoon";"37 Afvalwaterinzameling en -behandeling";"x 1 000";"3.8";"3.9"
"Arbeidsvolume";"Werkzame persoon";"38 Afvalbehandeling en recycling";"x 1 000";"24.1";"24.7"
"Arbeidsvolume";"Werkzame persoon";"381 Inzameling van afval";"x 1 000";"13.7";"13.0"
"Arbeidsvolume";"Werkzame persoon";"382 Behandeling van afval";"x 1 000";"6.0";"6.5"
"Arbeidsvolume";"Werkzame persoon";"383 Voorbereiding tot recycling";"x 1 000";"4.5";"5.1"
"Arbeidsvolume";"Werkzame persoon";"39 Sanering en overig afvalbeheer";"x 1 000";"1.9";"2.4"
"Arbeidsvolume";"Werkzame persoon";"F Bouwnijverheid";"x 1 000";"514.8";"512.2"
"Arbeidsvolume";"Werkzame persoon";"41 Algemene bouw en projectontwikkeling";"x 1 000";"154.7";"155.9"
"Arbeidsvolume";"Werkzame persoon";"412-439 Bouw (geen projectontwikkeling)";"x 1 000";".";"501.3"
"Arbeidsvolume";"Werkzame persoon";"412 Algemene B&U-bouw";"x 1 000";"144.0";"145.0"
"Arbeidsvolume";"Werkzame persoon";"42 Grond-, water-  en wegenbouw";"x 1 000";"69.8";"67.7"
"Arbeidsvolume";"Werkzame persoon";"421 Bouw van wegen, spoorwegen, tunnels";"x 1 000";"42.1";"40.3"
"Arbeidsvolume";"Werkzame persoon";"422 Buizen- en kabelleggers";"x 1 000";"20.5";"20.2"
"Arbeidsvolume";"Werkzame persoon";"43 Gespecialiseerde bouw";"x 1 000";"290.3";"288.6"
"Arbeidsvolume";"Werkzame persoon";"431 Sloopbedrijven en grondwerk";"x 1 000";"17.7";"17.6"
"Arbeidsvolume";"Werkzame persoon";"432 Bouwinstallatiebedrijven";"x 1 000";"138.5";"138.1"
"Arbeidsvolume";"Werkzame persoon";"4322 Loodgieters en installatiebedrijven";"x 1 000";"61.3";"59.3"
"Arbeidsvolume";"Werkzame persoon";"433 Afwerkingsbedrijven (bouw)";"x 1 000";"85.7";"85.6"
"Arbeidsvolume";"Werkzame persoon";"4331 Stukadoorsbedrijven";"x 1 000";"9.6";"9.5"
"Arbeidsvolume";"Werkzame persoon";"4334 Schilders- en glaszetbedrijven";"x 1 000";"37.4";"36.1"
"Arbeidsvolume";"Werkzame persoon";"439 Overige gespecialiseerde bouw";"x 1 000";"48.4";"47.2"
"Arbeidsvolume";"Werkzame persoon";"4391 Dakbouwbedrijven";"x 1 000";"10.4";"10.7"
"Arbeidsvolume";"Werkzame persoon";"G-I Handel, vervoer en horeca";"x 1 000";"1738.7";"1783.4"
"Arbeidsvolume";"Werkzame persoon";"G Handel";"x 1 000";"1120.0";"1145.3"
"Arbeidsvolume";"Werkzame persoon";"45 Autohandel en -reparatie";"x 1 000";"128.1";"134.9"
"Arbeidsvolume";"Werkzame persoon";"451 Autohandel en -reparatie";"x 1 000";"86.5";"90.8"
"Arbeidsvolume";"Werkzame persoon";"4511 Handel en reparatie personenauto's";"x 1 000";"74.1";"78.0"
"Arbeidsvolume";"Werkzame persoon";"45111 Import van nieuwe personenauto's";"x 1 000";"2.8";"2.7"
"Arbeidsvolume";"Werkzame persoon";"45112 Handel en reparatie personenauto's";"x 1 000";"71.3";"75.3"
"Arbeidsvolume";"Werkzame persoon";"4519 Handel in vrachtwagens, aanhangers";"x 1 000";"12.4";"12.8"
"Arbeidsvolume";"Werkzame persoon";"452 Gespecialiseerde autoreparatie";"x 1 000";"21.4";"23.3"
"Arbeidsvolume";"Werkzame persoon";"453 Handel in auto-onderdelen";"x 1 000";"16.9";"17.1"
"Arbeidsvolume";"Werkzame persoon";"454 Handel en reparatie van motorfietsen";"x 1 000";"3.3";"3.7"
"Arbeidsvolume";"Werkzame persoon";"46 Groothandel en handelsbemiddeling";"x 1 000";"487.6";"505.0"
"Arbeidsvolume";"Werkzame persoon";"462-469 Groothandel";"x 1 000";"462.4";"479.3"
"Arbeidsvolume";"Werkzame persoon";"462 Groothandel in landbouwproducten";"x 1 000";"33.1";"33.3"
"Arbeidsvolume";"Werkzame persoon";"4621 Groothandel in akkerbouwproducten";"x 1 000";"9.3";"8.6"
"Arbeidsvolume";"Werkzame persoon";"4622 Groothandel in bloemen en planten";"x 1 000";"19.6";"20.2"
"Arbeidsvolume";"Werkzame persoon";"463 Groothandel in voedingsmiddelen";"x 1 000";"81.9";"83.7"
"Arbeidsvolume";"Werkzame persoon";"4631 Groothandel in groenten, fruit e.d.";"x 1 000";"16.8";"16.3"
"Arbeidsvolume";"Werkzame persoon";"4634 Groothandel in dranken, geen zuivel";"x 1 000";"5.8";"5.4"
"Arbeidsvolume";"Werkzame persoon";"4638 Groothandel in overige voeding";"x 1 000";"14.5";"14.9"
"Arbeidsvolume";"Werkzame persoon";"4639 Groothandel in voeding algemeen";"x 1 000";"22.6";"23.3"
"Arbeidsvolume";"Werkzame persoon";"464 Groothandel in non-food";"x 1 000";"108.5";"118.2"
"Arbeidsvolume";"Werkzame persoon";"4642 Groothandel in kleding en schoenen";"x 1 000";"19.4";"21.1"
"Arbeidsvolume";"Werkzame persoon";"4643 Groothandel consumentenapparatuur";"x 1 000";"11.9";"12.7"
"Arbeidsvolume";"Werkzame persoon";"4646 Groothandel in medische artikelen";"x 1 000";"26.2";"28.7"
"Arbeidsvolume";"Werkzame persoon";"4647 Groothandel in woninginrichting";"x 1 000";"8.9";"8.8"
"Arbeidsvolume";"Werkzame persoon";"465 Groothandel in ICT-apparatuur";"x 1 000";"56.7";"58.0"
"Arbeidsvolume";"Werkzame persoon";"4651 Groothandel in computers, software";"x 1 000";"32.7";"34.3"
"Arbeidsvolume";"Werkzame persoon";"4652 Groothandel in overige elektronica";"x 1 000";"24.1";"23.8"
"Arbeidsvolume";"Werkzame persoon";"466 Groothandel in industriemachines";"x 1 000";"86.6";"88.7"
"Arbeidsvolume";"Werkzame persoon";"467 Overige gespecialiseerde groothandel";"x 1 000";"86.4";"87.3"
"Arbeidsvolume";"Werkzame persoon";"4671 Groothandel in olie en steenkool";"x 1 000";"6.3";"6.1"
"Arbeidsvolume";"Werkzame persoon";"4672 Groothandel in metaal en erts";"x 1 000";"8.5";"8.9"
"Arbeidsvolume";"Werkzame persoon";"4673 Groothandel in bouwmaterialen";"x 1 000";"39.7";"40.6"
"Arbeidsvolume";"Werkzame persoon";"4675 Groothandel in chemische producten";"x 1 000";"9.7";"8.9"
"Arbeidsvolume";"Werkzame persoon";"4677 Groothandel in afval en schroot";"x 1 000";"7.3";"7.2"
"Arbeidsvolume";"Werkzame persoon";"469 Niet-gespecialiseerde groothandel";"x 1 000";"9.3";"10.0"
"Arbeidsvolume";"Werkzame persoon";"47 Detailhandel (niet in auto's)";"x 1 000";"504.2";"505.4"
"Arbeidsvolume";"Werkzame persoon";"471 Supermarkten en warenhuizen";"x 1 000";"127.8";"127.9"
"Arbeidsvolume";"Werkzame persoon";"4719, 474-477 Winkels in non-foodart.";"x 1 000";".";"303.8"
"Arbeidsvolume";"Werkzame persoon";"4711 Supermarkten";"x 1 000";"111.0";"111.1"
"Arbeidsvolume";"Werkzame persoon";"4711, 472 Winkels in voedingsmiddelen";"x 1 000";".";"149.4"
"Arbeidsvolume";"Werkzame persoon";"4719 Warenhuizen e.d.";"x 1 000";"16.7";"16.8"
"Arbeidsvolume";"Werkzame persoon";"472 Winkels in voedingsmiddelen";"x 1 000";"38.7";"38.3"
"Arbeidsvolume";"Werkzame persoon";"473 Tankstations";"x 1 000";"10.5";"10.8"
"Arbeidsvolume";"Werkzame persoon";"474 Winkels in consumentenelektronica";"x 1 000";"17.4";"15.7"
"Arbeidsvolume";"Werkzame persoon";"4743 Winkels in wit- en bruingoed";"x 1 000";"11.4";"10.0"
"Arbeidsvolume";"Werkzame persoon";"475 Winkels in overige huishoudwaren";"x 1 000";"70.6";"72.0"
"Arbeidsvolume";"Werkzame persoon";"4751 Winkels in stoffen en textiel";"x 1 000";"1.3";"1.2"
"Arbeidsvolume";"Werkzame persoon";"4752 Winkels in doe-het-zelfartikelen";"x 1 000";"28.6";"28.5"
"Arbeidsvolume";"Werkzame persoon";"4753 Winkels in tapijt en gordijnen";"x 1 000";"4.5";"4.3"
"Arbeidsvolume";"Werkzame persoon";"4754 Winkels elektr. huishoudapparatuur";"x 1 000";"1.6";"2.2"
"Arbeidsvolume";"Werkzame persoon";"4759 Winkels overige huishoudartikelen";"x 1 000";"34.6";"35.8"
"Arbeidsvolume";"Werkzame persoon";"476 Winkels in recreatieartikelen";"x 1 000";"28.7";"28.8"
"Arbeidsvolume";"Werkzame persoon";"4764 Winkels in vrijetijdsartikelen";"x 1 000";"14.7";"14.9"
"Arbeidsvolume";"Werkzame persoon";"4765 Speelgoedwinkels";"x 1 000";"4.8";"4.8"
"Arbeidsvolume";"Werkzame persoon";"477 Winkels in overige artikelen";"x 1 000";"168.8";"170.6"
"Arbeidsvolume";"Werkzame persoon";"4771 Winkels in kleding";"x 1 000";"65.0";"65.9"
"Arbeidsvolume";"Werkzame persoon";"4772 Winkels in schoenen en lederwaren";"x 1 000";"15.3";"15.6"
"Arbeidsvolume";"Werkzame persoon";"4773 Apotheken";"x 1 000";"17.6";"18.2"
"Arbeidsvolume";"Werkzame persoon";"4774 Drogisten, orthopedische winkels";"x 1 000";"16.3";"16.0"
"Arbeidsvolume";"Werkzame persoon";"4775 Winkels in parfums en cosmetica";"x 1 000";"3.4";"3.6"
"Arbeidsvolume";"Werkzame persoon";"4776 Bloemen-, dierenwinkels, tuincentra";"x 1 000";"21.8";"21.7"
"Arbeidsvolume";"Werkzame persoon";"4777 Juweliers";"x 1 000";"5.7";"5.8"
"Arbeidsvolume";"Werkzame persoon";"478 Markthandel";"x 1 000";"15.6";"15.5"
"Arbeidsvolume";"Werkzame persoon";"479 Detailhandel, geen winkel of markt";"x 1 000";"26.3";"25.9"
"Arbeidsvolume";"Werkzame persoon";"4791 Postorderbedrijven, internetwinkels";"x 1 000";".";"20.8"
"Arbeidsvolume";"Werkzame persoon";"H+J Vervoer, informatie en communicatie";"x 1 000";".";"."
"Arbeidsvolume";"Werkzame persoon";"H Vervoer en opslag";"x 1 000";"379.6";"388.4"
"Arbeidsvolume";"Werkzame persoon";"49 Vervoer over land";"x 1 000";"188.9";"194.5"
"Arbeidsvolume";"Werkzame persoon";"491-492 Vervoer per spoor";"x 1 000";"x";"11.5"
"Arbeidsvolume";"Werkzame persoon";"493 Personenvervoer over de weg";"x 1 000";"61.6";"61.6"
"Arbeidsvolume";"Werkzame persoon";"4932 Vervoer per taxi";"x 1 000";"30.2";"31.4"
"Arbeidsvolume";"Werkzame persoon";"494 Goederenvervoer over de weg";"x 1 000";"115.3";"121.1"
"Arbeidsvolume";"Werkzame persoon";"4941 Goederenwegvervoer (geen verhuis-)";"x 1 000";"111.3";"116.8"
"Arbeidsvolume";"Werkzame persoon";"4942 Verhuisvervoer";"x 1 000";"4.0";"4.3"
"Arbeidsvolume";"Werkzame persoon";"50 Vervoer over water";"x 1 000";"28.8";"30.8"
"Arbeidsvolume";"Werkzame persoon";"501-502 Zee- en kustvaart";"x 1 000";".";"."
"Arbeidsvolume";"Werkzame persoon";"503-504 Binnenvaart";"x 1 000";"14.1";"15.1"
"Arbeidsvolume";"Werkzame persoon";"51 Vervoer door de lucht";"x 1 000";"25.0";"23.3"
"Arbeidsvolume";"Werkzame persoon";"52 Opslag, dienstverlening voor vervoer";"x 1 000";"86.2";"90.1"
"Arbeidsvolume";"Werkzame persoon";"521 Opslag";"x 1 000";"17.5";"18.6"
"Arbeidsvolume";"Werkzame persoon";"522 Dienstverlening voor vervoer";"x 1 000";"68.7";"71.5"
"Arbeidsvolume";"Werkzame persoon";"5221 Dienstverlening voor landvervoer";"x 1 000";"7.7";"7.8"
"Arbeidsvolume";"Werkzame persoon";"5222 Dienstverlening voor de scheepvaart";"x 1 000";"4.2";"4.3"
"Arbeidsvolume";"Werkzame persoon";"5223 Dienstverlening voor de luchtvaart";"x 1 000";"5.4";"5.5"
"Arbeidsvolume";"Werkzame persoon";"5224 Laad-, los- en overslagbedrijven";"x 1 000";"11.1";"12.0"
"Arbeidsvolume";"Werkzame persoon";"5229 Tussenpersonen vrachtvervoer";"x 1 000";"40.3";"41.8"
"Arbeidsvolume";"Werkzame persoon";"53 Post en koeriers";"x 1 000";"50.7";"49.8"
"Arbeidsvolume";"Werkzame persoon";"Traditionele Horeca";"x 1 000";"192.1";"201.2"
"Arbeidsvolume";"Werkzame persoon";"I Horeca";"x 1 000";"239.1";"249.6"
"Arbeidsvolume";"Werkzame persoon";"55 Logiesverstrekking";"x 1 000";"52.3";"54.9"
"Arbeidsvolume";"Werkzame persoon";"551 Hotels";"x 1 000";"36.6";"39.4"
"Arbeidsvolume";"Werkzame persoon";"56 Eet- en drinkgelegenheden";"x 1 000";"186.9";"194.8"
"Arbeidsvolume";"Werkzame persoon";"561 Restaurants, andere eetgelegenheden";"x 1 000";"115.1";"119.3"
"Arbeidsvolume";"Werkzame persoon";"56101 Restaurants";"x 1 000";"74.2";"76.8"
"Arbeidsvolume";"Werkzame persoon";"56102-56103 Cafetaria's, ijssalons e.d.";"x 1 000";"40.8";"42.5"
"Arbeidsvolume";"Werkzame persoon";"562 Kantines en catering";"x 1 000";"31.3";"33.0"
"Arbeidsvolume";"Werkzame persoon";"563 Cafés";"x 1 000";"40.5";"42.5"
"Arbeidsvolume";"Werkzame persoon";"J Informatie en communicatie";"x 1 000";"259.2";"263.9"
"Arbeidsvolume";"Werkzame persoon";"58-60 Uitgeverijen, film,radio en t.v.";"x 1 000";"54.5";"54.3"
"Arbeidsvolume";"Werkzame persoon";"58 Uitgeverijen";"x 1 000";"29.8";"28.8"
"Arbeidsvolume";"Werkzame persoon";"59 Film- en tv-productie; geluidsopname";"x 1 000";"16.6";"17.4"
"Arbeidsvolume";"Werkzame persoon";"60 Radio- en televisieomroepen";"x 1 000";"8.1";"8.1"
"Arbeidsvolume";"Werkzame persoon";"61 Telecommunicatie";"x 1 000";"32.6";"33.6"
"Arbeidsvolume";"Werkzame persoon";"62-63 IT- en informatiedienstverlening";"x 1 000";"172.1";"176.0"
"Arbeidsvolume";"Werkzame persoon";"62 IT-dienstverlening";"x 1 000";"159.4";"160.8"
"Arbeidsvolume";"Werkzame persoon";"63 Diensten op het gebied van informatie";"x 1 000";"12.8";"15.2"
"Arbeidsvolume";"Werkzame persoon";"L Verhuur en handel van onroerend goed";"x 1 000";".";"."
"Arbeidsvolume";"Werkzame persoon";"68 Verhuur en handel van onroerend goed";"x 1 000";".";"."
"Arbeidsvolume";"Werkzame persoon";"69 Juridische diensten en administratie";"x 1 000";"143.3";"141.7"
"Arbeidsvolume";"Werkzame persoon";"691 Rechtskundige dienstverlening";"x 1 000";"48.8";"49.0"
"Arbeidsvolume";"Werkzame persoon";"692 Accountancy, administratie e.d.";"x 1 000";"94.4";"92.7"
"Arbeidsvolume";"Werkzame persoon";"70102 Holdings (geen financiële)";"x 1 000";"17.3";"19.2"
"Arbeidsvolume";"Werkzame persoon";"702 Managementadviesbureaus";"x 1 000";"126.4";"133.2"
"Arbeidsvolume";"Werkzame persoon";"71 Architecten-, ingenieursbureaus e.d.";"x 1 000";"127.8";"127.8"
"Arbeidsvolume";"Werkzame persoon";"711 Architecten- en ingenieursbureaus";"x 1 000";"112.6";"112.1"
"Arbeidsvolume";"Werkzame persoon";"7111 Architectenbureaus";"x 1 000";"14.7";"13.6"
"Arbeidsvolume";"Werkzame persoon";"7112 Ingenieursbureaus";"x 1 000";"97.9";"98.5"
"Arbeidsvolume";"Werkzame persoon";"712 Keurings- en controlediensten";"x 1 000";"15.2";"15.7"
"Arbeidsvolume";"Werkzame persoon";"72 Research";"x 1 000";"32.6";"32.8"
"Arbeidsvolume";"Werkzame persoon";"73-75 Reclame, design, overige diensten";"x 1 000";"108.2";"117.9"
"Arbeidsvolume";"Werkzame persoon";"73 Reclamewezen en marktonderzoek";"x 1 000";"59.3";"63.0"
"Arbeidsvolume";"Werkzame persoon";"731 Reclamewezen";"x 1 000";"43.8";"47.7"
"Arbeidsvolume";"Werkzame persoon";"732 Markt- en opinieonderzoek";"x 1 000";"15.5";"15.2"
"Arbeidsvolume";"Werkzame persoon";"74 Design, fotografie, vertaalbureaus";"x 1 000";"42.9";"47.9"
"Arbeidsvolume";"Werkzame persoon";"75 Veterinaire dienstverlening";"x 1 000";"6.0";"7.0"
"Arbeidsvolume";"Werkzame persoon";"N Verhuur en overige zakelijke diensten";"x 1 000";"302.2";"310.2"
"Arbeidsvolume";"Werkzame persoon";"77 Verhuur van roerende goederen";"x 1 000";"31.4";"31.4"
"Arbeidsvolume";"Werkzame persoon";"771 Verhuur en lease van auto's";"x 1 000";"5.4";"6.4"
"Arbeidsvolume";"Werkzame persoon";"772 Verhuur van consumentenartikelen";"x 1 000";"9.6";"10.0"
"Arbeidsvolume";"Werkzame persoon";"78 Uitzendbureaus en arbeidsbemiddeling";"x 1 000";"63.9";"66.0"
"Arbeidsvolume";"Werkzame persoon";"781 Arbeidsbemiddeling";"x 1 000";"10.8";"11.6"
"Arbeidsvolume";"Werkzame persoon";"782 Uitzend- en uitleenbureaus; pools";"x 1 000";"52.4";"53.1"
"Arbeidsvolume";"Werkzame persoon";"78203 Banenpools (werkgelegenheid)";"x 1 000";"1.3";"."
"Arbeidsvolume";"Werkzame persoon";"783 Payrolling (personeelsbeheer)";"x 1 000";"0.7";"."
"Arbeidsvolume";"Werkzame persoon";"79 Reisbureaus, reisorganisatie en -info";"x 1 000";"18.9";"20.3"
"Arbeidsvolume";"Werkzame persoon";"7912 Reisorganisatiebureaus";"x 1 000";"6.3";"6.7"
"Arbeidsvolume";"Werkzame persoon";"80 Beveiligings- en opsporingsdiensten";"x 1 000";"32.0";"32.4"
"Arbeidsvolume";"Werkzame persoon";"81 Schoonmaakbedrijven, hoveniers e.d.";"x 1 000";"122.3";"124.9"
"Arbeidsvolume";"Werkzame persoon";"812 Schoonmaakbedrijven";"x 1 000";"97.5";"98.3"
"Arbeidsvolume";"Werkzame persoon";"8121 Interieurreiniging van gebouwen";"x 1 000";"83.5";"81.9"
"Arbeidsvolume";"Werkzame persoon";"82 Overige zakelijke dienstverlening";"x 1 000";"33.6";"35.2"
"Arbeidsvolume";"Werkzame persoon";"95 Reparatie van consumentenartikelen";"x 1 000";"11.4";"11.6"
"Arbeidsvolume";"Werkzame persoon";"96 Overige persoonlijke dienstverlening";"x 1 000";"79.6";"77.8"
"Arbeidsvolume";"Werkzame persoon";"9601 Wasserijen";"x 1 000";"9.6";"10.0"
"Arbeidsvolume";"Werkzame persoon";"9602 Kappers en schoonheidsverzorging";"x 1 000";"59.0";"56.6"
"Arbeidsvolume";"Werkzame persoon";"9603 Uitvaartbranche";"x 1 000";"5.7";"5.8"
"Bedrijfsopbrengsten";"Netto-omzet";"016 Dienstverlening voor de landbouw";"x mln euro";"3843";"4660"
"Bedrijfsopbrengsten";"Netto-omzet";"B-E Nijverheid (geen bouw) en energie";"x mln euro";"359183";"401106"
"Bedrijfsopbrengsten";"Netto-omzet";"B Delfstoffenwinning";"x mln euro";"38194";"42274"
"Bedrijfsopbrengsten";"Netto-omzet";"06 Winning van aardolie en aardgas";"x mln euro";"34829";"38608"
"Bedrijfsopbrengsten";"Netto-omzet";"08 Delfstoffenwinning (geen olie en gas)";"x mln euro";"996";"1174"
"Bedrijfsopbrengsten";"Netto-omzet";"09 Dienstverlening delfstoffenwinning";"x mln euro";"2369";"2493"
"Bedrijfsopbrengsten";"Netto-omzet";"C Industrie";"x mln euro";"271274";"307818"
"Bedrijfsopbrengsten";"Netto-omzet";"10-12 Voedings-, genotmiddelenindustrie";"x mln euro";"59583";"65953"
"Bedrijfsopbrengsten";"Netto-omzet";"10 Voedingsmiddelenindustrie";"x mln euro";"51764";"57945"
"Bedrijfsopbrengsten";"Netto-omzet";"101 Slachterijen en vleeswarenindustrie";"x mln euro";"8417";"9238"
"Bedrijfsopbrengsten";"Netto-omzet";"1011 Slachterijen (geen pluimvee)";"x mln euro";"3994";"4339"
"Bedrijfsopbrengsten";"Netto-omzet";"1012 Pluimveeslachterijen";"x mln euro";"2157";"2455"
"Bedrijfsopbrengsten";"Netto-omzet";"1013 Vleesverwerkende industrie";"x mln euro";"2266";"2444"
"Bedrijfsopbrengsten";"Netto-omzet";"102 Visverwerkende industrie";"x mln euro";"798";"855"
"Bedrijfsopbrengsten";"Netto-omzet";"103 Groente-, fruitverwerkende industrie";"x mln euro";"4509";"4985"
"Bedrijfsopbrengsten";"Netto-omzet";"1031 Aardappelproductenindustrie";"x mln euro";"1756";"2102"
"Bedrijfsopbrengsten";"Netto-omzet";"104 Spijsoliën- en -vettenindustrie e.d.";"x mln euro";"5369";"6973"
"Bedrijfsopbrengsten";"Netto-omzet";"105 Zuivelindustrie";"x mln euro";"8861";"10531"
"Bedrijfsopbrengsten";"Netto-omzet";"106 Meelindustrie";"x mln euro";"2012";"2176"
"Bedrijfsopbrengsten";"Netto-omzet";"1061 Meelindustrie (geen zetmeel)";"x mln euro";"675";"883"
"Bedrijfsopbrengsten";"Netto-omzet";"1062 Zetmeelindustrie";"x mln euro";"1337";"1294"
"Bedrijfsopbrengsten";"Netto-omzet";"107 Brood- en deegwarenindustrie";"x mln euro";"4436";"4516"
"Bedrijfsopbrengsten";"Netto-omzet";"1072 Banket- en koekindustrie";"x mln euro";"1451";"1375"
"Bedrijfsopbrengsten";"Netto-omzet";"108 Overige voedingsmiddelenindustrie";"x mln euro";"11097";"11110"
"Bedrijfsopbrengsten";"Netto-omzet";"1082 Cacao- en chocoladewerkindustrie";"x mln euro";"4122";"4176"
"Bedrijfsopbrengsten";"Netto-omzet";"109 Diervoederindustrie";"x mln euro";"6265";"7562"
"Bedrijfsopbrengsten";"Netto-omzet";"11 Drankenindustrie";"x mln euro";"4660";"4732"
"Bedrijfsopbrengsten";"Netto-omzet";"1107 Frisdrankindustrie";"x mln euro";"1388";"1461"
"Bedrijfsopbrengsten";"Netto-omzet";"12 Tabaksindustrie";"x mln euro";"3159";"3276"
"Bedrijfsopbrengsten";"Netto-omzet";"13-15 Textiel-, kleding-, lederindustrie";"x mln euro";"3378";"3677"
"Bedrijfsopbrengsten";"Netto-omzet";"13 Textielindustrie";"x mln euro";"2500";"2789"
"Bedrijfsopbrengsten";"Netto-omzet";"139 Overige textielproductenindustrie";"x mln euro";"1980";"2196"
"Bedrijfsopbrengsten";"Netto-omzet";"14 Kledingindustrie";"x mln euro";"505";"451"
"Bedrijfsopbrengsten";"Netto-omzet";"15 Leer- en schoenenindustrie";"x mln euro";"374";"438"
"Bedrijfsopbrengsten";"Netto-omzet";"16+23 Hout- en bouwmaterialenindustrie";"x mln euro";"8814";"9679"
"Bedrijfsopbrengsten";"Netto-omzet";"16 Houtindustrie";"x mln euro";"2769";"2906"
"Bedrijfsopbrengsten";"Netto-omzet";"161 Primaire houtbewerking e.d.";"x mln euro";"383";"372"
"Bedrijfsopbrengsten";"Netto-omzet";"162 Hout-, kurk-, en rietwarenindustrie";"x mln euro";"2386";"2533"
"Bedrijfsopbrengsten";"Netto-omzet";"1623 Timmerindustrie";"x mln euro";"1517";"1614"
"Bedrijfsopbrengsten";"Netto-omzet";"17-18 Papier- en grafische industrie";"x mln euro";"10628";"10859"
"Bedrijfsopbrengsten";"Netto-omzet";"17 Papierindustrie";"x mln euro";"5879";"6208"
"Bedrijfsopbrengsten";"Netto-omzet";"171 Pulp-, papier- en kartonindustrie";"x mln euro";"1538";"1738"
"Bedrijfsopbrengsten";"Netto-omzet";"172 Papier- en kartonwarenindustrie";"x mln euro";"4341";"4470"
"Bedrijfsopbrengsten";"Netto-omzet";"1721 Karton- e.d. verpakkingenindustrie";"x mln euro";"1995";"2207"
"Bedrijfsopbrengsten";"Netto-omzet";"18 Grafische industrie";"x mln euro";"4749";"4651"
"Bedrijfsopbrengsten";"Netto-omzet";"181 Drukkerijen en diensten daarvoor";"x mln euro";"4636";"4529"
"Bedrijfsopbrengsten";"Netto-omzet";"1812 Overige drukkerijen";"x mln euro";"3988";"3885"
"Bedrijfsopbrengsten";"Netto-omzet";"182 Repro van geluid, beeld en software";"x mln euro";"113";"122"
"Bedrijfsopbrengsten";"Netto-omzet";"19-22 Raffinaderijen en chemie";"x mln euro";"93057";"113093"
"Bedrijfsopbrengsten";"Netto-omzet";"19 Aardolie-industrie";"x mln euro";"37239";"49043"
"Bedrijfsopbrengsten";"Netto-omzet";"19201 Raffinaderijen";"x mln euro";"36841";"48547"
"Bedrijfsopbrengsten";"Netto-omzet";"20-21 Chemie en farmaceutische industrie";"x mln euro";"48627";"56149"
"Bedrijfsopbrengsten";"Netto-omzet";"20 Chemische industrie";"x mln euro";"42255";"50094"
"Bedrijfsopbrengsten";"Netto-omzet";"201 Basischemie";"x mln euro";"34142";"41274"
"Bedrijfsopbrengsten";"Netto-omzet";"2013 Overige anorganische basischemie";"x mln euro";"1946";"2027"
"Bedrijfsopbrengsten";"Netto-omzet";"2014 Overige organische basischemie";"x mln euro";"18467";"18944"
"Bedrijfsopbrengsten";"Netto-omzet";"20141 Petrochemische industrie";"x mln euro";"12371";"15077"
"Bedrijfsopbrengsten";"Netto-omzet";"20149 Overige organische basischemie";"x mln euro";"6096";"3867"
"Bedrijfsopbrengsten";"Netto-omzet";"2015 Kunstmestindustrie";"x mln euro";"2226";"2543"
"Bedrijfsopbrengsten";"Netto-omzet";"2016 Kunststofindustrie";"x mln euro";"9191";"14794"
"Bedrijfsopbrengsten";"Netto-omzet";"203 Verf-, vernis- en drukinktindustrie";"x mln euro";"1810";"2016"
"Bedrijfsopbrengsten";"Netto-omzet";"205 Overige chemische productenindustrie";"x mln euro";"3825";"4522"
"Bedrijfsopbrengsten";"Netto-omzet";"206 Synthetische vezelindustrie";"x mln euro";"873";"846"
"Bedrijfsopbrengsten";"Netto-omzet";"21 Farmaceutische industrie";"x mln euro";"6371";"6055"
"Bedrijfsopbrengsten";"Netto-omzet";"211 Farmaceutische grondstofindustrie";"x mln euro";"120";"115"
"Bedrijfsopbrengsten";"Netto-omzet";"212 Farmaceutische productenindustrie";"x mln euro";"6251";"5940"
"Bedrijfsopbrengsten";"Netto-omzet";"22 Rubber- en kunststofproductindustrie";"x mln euro";"7192";"7901"
"Bedrijfsopbrengsten";"Netto-omzet";"221 Rubberproductenindustrie";"x mln euro";"709";"870"
"Bedrijfsopbrengsten";"Netto-omzet";"222 Kunststofproductenindustrie";"x mln euro";"6483";"7031"
"Bedrijfsopbrengsten";"Netto-omzet";"2221 Kunststofplaat-, -profielindustrie";"x mln euro";"2569";"2650"
"Bedrijfsopbrengsten";"Netto-omzet";"2229 Overige kunststofproductenindustrie";"x mln euro";"1653";"1606"
"Bedrijfsopbrengsten";"Netto-omzet";"23 Bouwmaterialenindustrie";"x mln euro";"6045";"6774"
"Bedrijfsopbrengsten";"Netto-omzet";"231 Glas- en glaswerkindustrie";"x mln euro";"1052";"1110"
"Bedrijfsopbrengsten";"Netto-omzet";"236 Beton-, gips-, cementwarenindustrie";"x mln euro";"3114";"3445"
"Bedrijfsopbrengsten";"Netto-omzet";"2361 Betonwaren-, kalkzandsteenindustrie";"x mln euro";"2010";"2281"
"Bedrijfsopbrengsten";"Netto-omzet";"237 Natuursteenbewerkende industrie";"x mln euro";"288";"299"
"Bedrijfsopbrengsten";"Netto-omzet";"24-30, 33 Metaal-elektro industrie";"x mln euro";"88602";"97319"
"Bedrijfsopbrengsten";"Netto-omzet";"24-25 Basismetaal, metaalprod.-industrie";"x mln euro";"26435";"28859"
"Bedrijfsopbrengsten";"Netto-omzet";"24 Basismetaalindustrie";"x mln euro";"8199";"8820"
"Bedrijfsopbrengsten";"Netto-omzet";"241 IJzer- en staalindustrie";"x mln euro";"x";"x"
"Bedrijfsopbrengsten";"Netto-omzet";"244 Edel- en non-ferrometaalindustrie";"x mln euro";"2232";"2395"
"Bedrijfsopbrengsten";"Netto-omzet";"245 Metaalgieterijen";"x mln euro";"596";"731"
"Bedrijfsopbrengsten";"Netto-omzet";"25 Metaalproductenindustrie";"x mln euro";"18236";"20039"
"Bedrijfsopbrengsten";"Netto-omzet";"251 Metalen bouwproductenindustrie";"x mln euro";"7413";"8710"
"Bedrijfsopbrengsten";"Netto-omzet";"255 Smederijen, profielwalserijen e.d.";"x mln euro";"1951";"1959"
"Bedrijfsopbrengsten";"Netto-omzet";"256 Overige metaalbewerkingsindustrie";"x mln euro";"3297";"3842"
"Bedrijfsopbrengsten";"Netto-omzet";"2561 Oppervlaktebehandelingsindustrie";"x mln euro";"1329";"1466"
"Bedrijfsopbrengsten";"Netto-omzet";"2562 Algemene metaalbewerkingsindustrie";"x mln euro";"1968";"2376"
"Bedrijfsopbrengsten";"Netto-omzet";"257 Bestek-, gereedschapindustrie e.d.";"x mln euro";"625";"801"
"Bedrijfsopbrengsten";"Netto-omzet";"259 Overige metaalproductenindustrie";"x mln euro";"3411";"3558"
"Bedrijfsopbrengsten";"Netto-omzet";"26-27 Elektrische en elektron. Industrie";"x mln euro";"19750";"19557"
"Bedrijfsopbrengsten";"Netto-omzet";"26-28 Elektrotechn. en machine-industrie";"x mln euro";"40591";"45647"
"Bedrijfsopbrengsten";"Netto-omzet";"26 Elektrotechnische industrie";"x mln euro";"14889";"14106"
"Bedrijfsopbrengsten";"Netto-omzet";"263 Communicatieapparatenindustrie";"x mln euro";"284";"289"
"Bedrijfsopbrengsten";"Netto-omzet";"264 Consumentenelektronicaindustrie";"x mln euro";"540";"568"
"Bedrijfsopbrengsten";"Netto-omzet";"265 Meetapparaten- en uurwerkindustrie";"x mln euro";"2673";"2687"
"Bedrijfsopbrengsten";"Netto-omzet";"267 Optische instrumentenindustrie";"x mln euro";"191";"."
"Bedrijfsopbrengsten";"Netto-omzet";"27 Elektrische apparatenindustrie";"x mln euro";"4860";"5451"
"Bedrijfsopbrengsten";"Netto-omzet";"271 Elektromotor- en -panelenindustrie";"x mln euro";"1258";"1332"
"Bedrijfsopbrengsten";"Netto-omzet";"273 Elektr. kabel-, schakelaarindustrie";"x mln euro";"981";"1014"
"Bedrijfsopbrengsten";"Netto-omzet";"274 Elektrische verlichtingsindustrie";"x mln euro";"1464";"1638"
"Bedrijfsopbrengsten";"Netto-omzet";"275 Huishoudelijke apparatenindustrie";"x mln euro";"484";"553"
"Bedrijfsopbrengsten";"Netto-omzet";"28 Machine-industrie";"x mln euro";"20842";"26090"
"Bedrijfsopbrengsten";"Netto-omzet";"281 Motoren-, pompen- e.d. industrie";"x mln euro";"3708";"3601"
"Bedrijfsopbrengsten";"Netto-omzet";"282 Overige machine-industrie algemeen";"x mln euro";"7064";"8077"
"Bedrijfsopbrengsten";"Netto-omzet";"2822 Hijs- en hefwerktuigenindustrie";"x mln euro";"2927";"3319"
"Bedrijfsopbrengsten";"Netto-omzet";"2829 Overige machine-industrie algemeen";"x mln euro";"2136";"2158"
"Bedrijfsopbrengsten";"Netto-omzet";"283 Landbouwmachine-industrie";"x mln euro";"1702";"2219"
"Bedrijfsopbrengsten";"Netto-omzet";"284 Gereedschapswerktuigenindustrie";"x mln euro";"317";"278"
"Bedrijfsopbrengsten";"Netto-omzet";"289 Overige machine-industrie specifiek";"x mln euro";"8052";"11915"
"Bedrijfsopbrengsten";"Netto-omzet";"2899 Overige machine-industrie specifiek";"x mln euro";"5564";"8822"
"Bedrijfsopbrengsten";"Netto-omzet";"29-30 Transportmiddelenindustrie";"x mln euro";"12796";"13889"
"Bedrijfsopbrengsten";"Netto-omzet";"29 Auto- en aanhangwagenindustrie";"x mln euro";"6521";"7959"
"Bedrijfsopbrengsten";"Netto-omzet";"291 Autoindustrie";"x mln euro";"3931";"5268"
"Bedrijfsopbrengsten";"Netto-omzet";"292 Carrosserie-, aanhangwagenindustrie";"x mln euro";"1280";"1283"
"Bedrijfsopbrengsten";"Netto-omzet";"293 Auto-onderdelenindustrie";"x mln euro";"1310";"1408"
"Bedrijfsopbrengsten";"Netto-omzet";"30 Overige transportmiddelenindustrie";"x mln euro";"6275";"5929"
"Bedrijfsopbrengsten";"Netto-omzet";"301 Scheepsbouw";"x mln euro";"4458";"4019"
"Bedrijfsopbrengsten";"Netto-omzet";"302 Industrie van rollend spoormaterieel";"x mln euro";"86";"111"
"Bedrijfsopbrengsten";"Netto-omzet";"309 Overige transportmiddelenindustrie";"x mln euro";"884";"935"
"Bedrijfsopbrengsten";"Netto-omzet";"31 Meubelindustrie";"x mln euro";"3444";"3346"
"Bedrijfsopbrengsten";"Netto-omzet";"3101 Bedrijfsmeubelindustrie";"x mln euro";"1772";"1767"
"Bedrijfsopbrengsten";"Netto-omzet";"32 Overige industrie";"x mln euro";"3766";"3892"
"Bedrijfsopbrengsten";"Netto-omzet";"325 Medische instrumentenindustrie";"x mln euro";"1342";"1520"
"Bedrijfsopbrengsten";"Netto-omzet";"329 Overige industrie";"x mln euro";"1900";"1859"
"Bedrijfsopbrengsten";"Netto-omzet";"32991 Sociale werkvoorziening";"x mln euro";"1333";"1368"
"Bedrijfsopbrengsten";"Netto-omzet";"33 Reparatie en installatie van machines";"x mln euro";"8780";"8924"
"Bedrijfsopbrengsten";"Netto-omzet";"331 Reparatie van machines en apparatuur";"x mln euro";"6174";"6679"
"Bedrijfsopbrengsten";"Netto-omzet";"3311 Reparatie van producten van metaal";"x mln euro";".";"."
"Bedrijfsopbrengsten";"Netto-omzet";"332 Installatie van industriële machines";"x mln euro";"2606";"2245"
"Bedrijfsopbrengsten";"Netto-omzet";"35-36 Energie- en waterleidingbedrijven";"x mln euro";"-";"42967"
"Bedrijfsopbrengsten";"Netto-omzet";"D Energievoorziening";"x mln euro";"40910";"41426"
"Bedrijfsopbrengsten";"Netto-omzet";"35 Energiebedrijven";"x mln euro";"40910";"41426"
"Bedrijfsopbrengsten";"Netto-omzet";"3514 Handel in elektriciteit en gas";"x mln euro";"x";"x"
"Bedrijfsopbrengsten";"Netto-omzet";"E Waterbedrijven en afvalbeheer";"x mln euro";"8806";"9588"
"Bedrijfsopbrengsten";"Netto-omzet";"36 Waterleidingbedrijven";"x mln euro";"1537";"1541"
"Bedrijfsopbrengsten";"Netto-omzet";"37 Afvalwaterinzameling en -behandeling";"x mln euro";"644";"658"
"Bedrijfsopbrengsten";"Netto-omzet";"38 Afvalbehandeling en recycling";"x mln euro";"6253";"6958"
"Bedrijfsopbrengsten";"Netto-omzet";"381 Inzameling van afval";"x mln euro";"2365";"2332"
"Bedrijfsopbrengsten";"Netto-omzet";"382 Behandeling van afval";"x mln euro";"1869";"2075"
"Bedrijfsopbrengsten";"Netto-omzet";"383 Voorbereiding tot recycling";"x mln euro";"2020";"2552"
"Bedrijfsopbrengsten";"Netto-omzet";"39 Sanering en overig afvalbeheer";"x mln euro";"371";"431"
"Bedrijfsopbrengsten";"Netto-omzet";"F Bouwnijverheid";"x mln euro";"84245";"87866"
"Bedrijfsopbrengsten";"Netto-omzet";"41 Algemene bouw en projectontwikkeling";"x mln euro";"35079";"36417"
"Bedrijfsopbrengsten";"Netto-omzet";"412-439 Bouw (geen projectontwikkeling)";"x mln euro";".";"83110"
"Bedrijfsopbrengsten";"Netto-omzet";"412 Algemene B&U-bouw";"x mln euro";"29789";"31661"
"Bedrijfsopbrengsten";"Netto-omzet";"42 Grond-, water-  en wegenbouw";"x mln euro";"13838";"14706"
"Bedrijfsopbrengsten";"Netto-omzet";"421 Bouw van wegen, spoorwegen, tunnels";"x mln euro";"9172";"10043"
"Bedrijfsopbrengsten";"Netto-omzet";"422 Buizen- en kabelleggers";"x mln euro";"3373";"3432"
"Bedrijfsopbrengsten";"Netto-omzet";"43 Gespecialiseerde bouw";"x mln euro";"35328";"36743"
"Bedrijfsopbrengsten";"Netto-omzet";"431 Sloopbedrijven en grondwerk";"x mln euro";"2504";"2669"
"Bedrijfsopbrengsten";"Netto-omzet";"432 Bouwinstallatiebedrijven";"x mln euro";"18367";"18580"
"Bedrijfsopbrengsten";"Netto-omzet";"4322 Loodgieters en installatiebedrijven";"x mln euro";"7676";"7991"
"Bedrijfsopbrengsten";"Netto-omzet";"433 Afwerkingsbedrijven (bouw)";"x mln euro";"8532";"8895"
"Bedrijfsopbrengsten";"Netto-omzet";"4331 Stukadoorsbedrijven";"x mln euro";"895";"862"
"Bedrijfsopbrengsten";"Netto-omzet";"4334 Schilders- en glaszetbedrijven";"x mln euro";"3390";"3489"
"Bedrijfsopbrengsten";"Netto-omzet";"439 Overige gespecialiseerde bouw";"x mln euro";"5925";"6600"
"Bedrijfsopbrengsten";"Netto-omzet";"4391 Dakbouwbedrijven";"x mln euro";"1301";"1503"
"Bedrijfsopbrengsten";"Netto-omzet";"G-I Handel, vervoer en horeca";"x mln euro";"634505";"699036"
"Bedrijfsopbrengsten";"Netto-omzet";"G Handel";"x mln euro";"548888";"607959"
"Bedrijfsopbrengsten";"Netto-omzet";"45 Autohandel en -reparatie";"x mln euro";"57981";"65818"
"Bedrijfsopbrengsten";"Netto-omzet";"451 Autohandel en -reparatie";"x mln euro";"45107";"51440"
"Bedrijfsopbrengsten";"Netto-omzet";"4511 Handel en reparatie personenauto's";"x mln euro";"40403";"46339"
"Bedrijfsopbrengsten";"Netto-omzet";"45111 Import van nieuwe personenauto's";"x mln euro";"11266";"12474"
"Bedrijfsopbrengsten";"Netto-omzet";"45112 Handel en reparatie personenauto's";"x mln euro";"29137";"33865"
"Bedrijfsopbrengsten";"Netto-omzet";"4519 Handel in vrachtwagens, aanhangers";"x mln euro";"4704";"5101"
"Bedrijfsopbrengsten";"Netto-omzet";"452 Gespecialiseerde autoreparatie";"x mln euro";"2894";"2827"
"Bedrijfsopbrengsten";"Netto-omzet";"453 Handel in auto-onderdelen";"x mln euro";"8689";"9416"
"Bedrijfsopbrengsten";"Netto-omzet";"454 Handel en reparatie van motorfietsen";"x mln euro";"1292";"2135"
"Bedrijfsopbrengsten";"Netto-omzet";"46 Groothandel en handelsbemiddeling";"x mln euro";"389009";"437813"
"Bedrijfsopbrengsten";"Netto-omzet";"462-469 Groothandel";"x mln euro";"382200";"431228"
"Bedrijfsopbrengsten";"Netto-omzet";"462 Groothandel in landbouwproducten";"x mln euro";"35979";"43527"
"Bedrijfsopbrengsten";"Netto-omzet";"4621 Groothandel in akkerbouwproducten";"x mln euro";"23488";"29783"
"Bedrijfsopbrengsten";"Netto-omzet";"4622 Groothandel in bloemen en planten";"x mln euro";"9221";"9643"
"Bedrijfsopbrengsten";"Netto-omzet";"463 Groothandel in voedingsmiddelen";"x mln euro";"67245";"70464"
"Bedrijfsopbrengsten";"Netto-omzet";"4631 Groothandel in groenten, fruit e.d.";"x mln euro";"14353";"13586"
"Bedrijfsopbrengsten";"Netto-omzet";"4634 Groothandel in dranken, geen zuivel";"x mln euro";"5880";"5925"
"Bedrijfsopbrengsten";"Netto-omzet";"4638 Groothandel in overige voeding";"x mln euro";"8729";"9332"
"Bedrijfsopbrengsten";"Netto-omzet";"4639 Groothandel in voeding algemeen";"x mln euro";"15814";"16774"
"Bedrijfsopbrengsten";"Netto-omzet";"464 Groothandel in non-food";"x mln euro";"75558";"79627"
"Bedrijfsopbrengsten";"Netto-omzet";"4642 Groothandel in kleding en schoenen";"x mln euro";"8729";"9814"
"Bedrijfsopbrengsten";"Netto-omzet";"4643 Groothandel consumentenapparatuur";"x mln euro";"10608";"11065"
"Bedrijfsopbrengsten";"Netto-omzet";"4646 Groothandel in medische artikelen";"x mln euro";"30436";"29067"
"Bedrijfsopbrengsten";"Netto-omzet";"4647 Groothandel in woninginrichting";"x mln euro";"2763";"2841"
"Bedrijfsopbrengsten";"Netto-omzet";"465 Groothandel in ICT-apparatuur";"x mln euro";"51267";"59607"
"Bedrijfsopbrengsten";"Netto-omzet";"4651 Groothandel in computers, software";"x mln euro";"39786";"47652"
"Bedrijfsopbrengsten";"Netto-omzet";"4652 Groothandel in overige elektronica";"x mln euro";"11481";"11956"
"Bedrijfsopbrengsten";"Netto-omzet";"466 Groothandel in industriemachines";"x mln euro";"36575";"40718"
"Bedrijfsopbrengsten";"Netto-omzet";"467 Overige gespecialiseerde groothandel";"x mln euro";"112042";"133366"
"Bedrijfsopbrengsten";"Netto-omzet";"4671 Groothandel in olie en steenkool";"x mln euro";"65805";"82006"
"Bedrijfsopbrengsten";"Netto-omzet";"4672 Groothandel in metaal en erts";"x mln euro";"6746";"8127"
"Bedrijfsopbrengsten";"Netto-omzet";"4673 Groothandel in bouwmaterialen";"x mln euro";"15433";"16605"
"Bedrijfsopbrengsten";"Netto-omzet";"4675 Groothandel in chemische producten";"x mln euro";"11842";"12575"
"Bedrijfsopbrengsten";"Netto-omzet";"4677 Groothandel in afval en schroot";"x mln euro";"6591";"7992"
"Bedrijfsopbrengsten";"Netto-omzet";"469 Niet-gespecialiseerde groothandel";"x mln euro";"3535";"3920"
"Bedrijfsopbrengsten";"Netto-omzet";"47 Detailhandel (niet in auto's)";"x mln euro";"101897";"104328"
"Bedrijfsopbrengsten";"Netto-omzet";"471 Supermarkten en warenhuizen";"x mln euro";"32798";"33965"
"Bedrijfsopbrengsten";"Netto-omzet";"4719, 474-477 Winkels in non-foodart.";"x mln euro";".";"52923"
"Bedrijfsopbrengsten";"Netto-omzet";"4711 Supermarkten";"x mln euro";"29791";"30877"
"Bedrijfsopbrengsten";"Netto-omzet";"4711, 472 Winkels in voedingsmiddelen";"x mln euro";".";"36474"
"Bedrijfsopbrengsten";"Netto-omzet";"4719 Warenhuizen e.d.";"x mln euro";"3008";"3088"
"Bedrijfsopbrengsten";"Netto-omzet";"472 Winkels in voedingsmiddelen";"x mln euro";"5464";"5597"
"Bedrijfsopbrengsten";"Netto-omzet";"473 Tankstations";"x mln euro";"8141";"8987"
"Bedrijfsopbrengsten";"Netto-omzet";"474 Winkels in consumentenelektronica";"x mln euro";"4497";"4421"
"Bedrijfsopbrengsten";"Netto-omzet";"4743 Winkels in wit- en bruingoed";"x mln euro";"3205";"3133"
"Bedrijfsopbrengsten";"Netto-omzet";"475 Winkels in overige huishoudwaren";"x mln euro";"13079";"13219"
"Bedrijfsopbrengsten";"Netto-omzet";"4751 Winkels in stoffen en textiel";"x mln euro";"100";"98"
"Bedrijfsopbrengsten";"Netto-omzet";"4752 Winkels in doe-het-zelfartikelen";"x mln euro";"5638";"5764"
"Bedrijfsopbrengsten";"Netto-omzet";"4753 Winkels in tapijt en gordijnen";"x mln euro";"601";"583"
"Bedrijfsopbrengsten";"Netto-omzet";"4754 Winkels elektr. huishoudapparatuur";"x mln euro";"288";"314"
"Bedrijfsopbrengsten";"Netto-omzet";"4759 Winkels overige huishoudartikelen";"x mln euro";"6451";"6461"
"Bedrijfsopbrengsten";"Netto-omzet";"476 Winkels in recreatieartikelen";"x mln euro";"5135";"5032"
"Bedrijfsopbrengsten";"Netto-omzet";"4764 Winkels in vrijetijdsartikelen";"x mln euro";"2598";"2565"
"Bedrijfsopbrengsten";"Netto-omzet";"4765 Speelgoedwinkels";"x mln euro";"911";"875"
"Bedrijfsopbrengsten";"Netto-omzet";"477 Winkels in overige artikelen";"x mln euro";"27244";"27164"
"Bedrijfsopbrengsten";"Netto-omzet";"4771 Winkels in kleding";"x mln euro";"9697";"9568"
"Bedrijfsopbrengsten";"Netto-omzet";"4772 Winkels in schoenen en lederwaren";"x mln euro";"2238";"2264"
"Bedrijfsopbrengsten";"Netto-omzet";"4773 Apotheken";"x mln euro";"5372";"5028"
"Bedrijfsopbrengsten";"Netto-omzet";"4774 Drogisten, orthopedische winkels";"x mln euro";"3401";"3474"
"Bedrijfsopbrengsten";"Netto-omzet";"4775 Winkels in parfums en cosmetica";"x mln euro";"617";"640"
"Bedrijfsopbrengsten";"Netto-omzet";"4776 Bloemen-, dierenwinkels, tuincentra";"x mln euro";"2514";"2576"
"Bedrijfsopbrengsten";"Netto-omzet";"4777 Juweliers";"x mln euro";"791";"894"
"Bedrijfsopbrengsten";"Netto-omzet";"478 Markthandel";"x mln euro";"1180";"1221"
"Bedrijfsopbrengsten";"Netto-omzet";"479 Detailhandel, geen winkel of markt";"x mln euro";"4360";"4722"
"Bedrijfsopbrengsten";"Netto-omzet";"4791 Postorderbedrijven, internetwinkels";"x mln euro";".";"3837"
"Bedrijfsopbrengsten";"Netto-omzet";"H+J Vervoer, informatie en communicatie";"x mln euro";".";"."
"Bedrijfsopbrengsten";"Netto-omzet";"H Vervoer en opslag";"x mln euro";"67318";"71874"
"Bedrijfsopbrengsten";"Netto-omzet";"49 Vervoer over land";"x mln euro";"24488";"26244"
"Bedrijfsopbrengsten";"Netto-omzet";"491-492 Vervoer per spoor";"x mln euro";"x";"2295"
"Bedrijfsopbrengsten";"Netto-omzet";"493 Personenvervoer over de weg";"x mln euro";"3680";"3903"
"Bedrijfsopbrengsten";"Netto-omzet";"4932 Vervoer per taxi";"x mln euro";"1833";"1876"
"Bedrijfsopbrengsten";"Netto-omzet";"494 Goederenvervoer over de weg";"x mln euro";"18186";"19669"
"Bedrijfsopbrengsten";"Netto-omzet";"4941 Goederenwegvervoer (geen verhuis-)";"x mln euro";"17767";"19210"
"Bedrijfsopbrengsten";"Netto-omzet";"4942 Verhuisvervoer";"x mln euro";"419";"459"
"Bedrijfsopbrengsten";"Netto-omzet";"50 Vervoer over water";"x mln euro";"7133";"7514"
"Bedrijfsopbrengsten";"Netto-omzet";"501-502 Zee- en kustvaart";"x mln euro";"4917";"4977"
"Bedrijfsopbrengsten";"Netto-omzet";"503-504 Binnenvaart";"x mln euro";"2216";"2537"
"Bedrijfsopbrengsten";"Netto-omzet";"51 Vervoer door de lucht";"x mln euro";"9385";"9687"
"Bedrijfsopbrengsten";"Netto-omzet";"52 Opslag, dienstverlening voor vervoer";"x mln euro";"21427";"23542"
"Bedrijfsopbrengsten";"Netto-omzet";"521 Opslag";"x mln euro";"3528";"3677"
"Bedrijfsopbrengsten";"Netto-omzet";"522 Dienstverlening voor vervoer";"x mln euro";"17899";"19865"
"Bedrijfsopbrengsten";"Netto-omzet";"5221 Dienstverlening voor landvervoer";"x mln euro";"739";"799"
"Bedrijfsopbrengsten";"Netto-omzet";"5222 Dienstverlening voor de scheepvaart";"x mln euro";"1259";"1312"
"Bedrijfsopbrengsten";"Netto-omzet";"5223 Dienstverlening voor de luchtvaart";"x mln euro";"1312";"1500"
"Bedrijfsopbrengsten";"Netto-omzet";"5224 Laad-, los- en overslagbedrijven";"x mln euro";"2413";"2609"
"Bedrijfsopbrengsten";"Netto-omzet";"5229 Tussenpersonen vrachtvervoer";"x mln euro";"12175";"13645"
"Bedrijfsopbrengsten";"Netto-omzet";"53 Post en koeriers";"x mln euro";"4886";"4888"
"Bedrijfsopbrengsten";"Netto-omzet";"Traditionele Horeca";"x mln euro";"14085";"14878"
"Bedrijfsopbrengsten";"Netto-omzet";"I Horeca";"x mln euro";"18299";"19203"
"Bedrijfsopbrengsten";"Netto-omzet";"55 Logiesverstrekking";"x mln euro";"5025";"5200"
"Bedrijfsopbrengsten";"Netto-omzet";"551 Hotels";"x mln euro";"3376";"3586"
"Bedrijfsopbrengsten";"Netto-omzet";"56 Eet- en drinkgelegenheden";"x mln euro";"13275";"14003"
"Bedrijfsopbrengsten";"Netto-omzet";"561 Restaurants, andere eetgelegenheden";"x mln euro";"7662";"8188"
"Bedrijfsopbrengsten";"Netto-omzet";"56101 Restaurants";"x mln euro";"5025";"5324"
"Bedrijfsopbrengsten";"Netto-omzet";"56102-56103 Cafetaria's, ijssalons e.d.";"x mln euro";"2637";"2864"
"Bedrijfsopbrengsten";"Netto-omzet";"562 Kantines en catering";"x mln euro";"2566";"2710"
"Bedrijfsopbrengsten";"Netto-omzet";"563 Cafés";"x mln euro";"3047";"3104"
"Bedrijfsopbrengsten";"Netto-omzet";"J Informatie en communicatie";"x mln euro";"52197";"52969"
"Bedrijfsopbrengsten";"Netto-omzet";"58-60 Uitgeverijen, film,radio en t.v.";"x mln euro";"10181";"10138"
"Bedrijfsopbrengsten";"Netto-omzet";"58 Uitgeverijen";"x mln euro";"6372";"6180"
"Bedrijfsopbrengsten";"Netto-omzet";"59 Film- en tv-productie; geluidsopname";"x mln euro";"2070";"2136"
"Bedrijfsopbrengsten";"Netto-omzet";"60 Radio- en televisieomroepen";"x mln euro";"1738";"1822"
"Bedrijfsopbrengsten";"Netto-omzet";"61 Telecommunicatie";"x mln euro";"17858";"17459"
"Bedrijfsopbrengsten";"Netto-omzet";"62-63 IT- en informatiedienstverlening";"x mln euro";"24158";"25371"
"Bedrijfsopbrengsten";"Netto-omzet";"62 IT-dienstverlening";"x mln euro";"22557";"23308"
"Bedrijfsopbrengsten";"Netto-omzet";"63 Diensten op het gebied van informatie";"x mln euro";"1601";"2063"
"Bedrijfsopbrengsten";"Netto-omzet";"L Verhuur en handel van onroerend goed";"x mln euro";".";"."
"Bedrijfsopbrengsten";"Netto-omzet";"68 Verhuur en handel van onroerend goed";"x mln euro";".";"."
"Bedrijfsopbrengsten";"Netto-omzet";"69 Juridische diensten en administratie";"x mln euro";"15286";"15653"
"Bedrijfsopbrengsten";"Netto-omzet";"691 Rechtskundige dienstverlening";"x mln euro";"5662";"5927"
"Bedrijfsopbrengsten";"Netto-omzet";"692 Accountancy, administratie e.d.";"x mln euro";"9624";"9726"
"Bedrijfsopbrengsten";"Netto-omzet";"70102 Holdings (geen financiële)";"x mln euro";"7924";"7084"
"Bedrijfsopbrengsten";"Netto-omzet";"702 Managementadviesbureaus";"x mln euro";"14886";"15326"
"Bedrijfsopbrengsten";"Netto-omzet";"71 Architecten-, ingenieursbureaus e.d.";"x mln euro";"15344";"15496"
"Bedrijfsopbrengsten";"Netto-omzet";"711 Architecten- en ingenieursbureaus";"x mln euro";"13400";"13495"
"Bedrijfsopbrengsten";"Netto-omzet";"7111 Architectenbureaus";"x mln euro";"1329";"1205"
"Bedrijfsopbrengsten";"Netto-omzet";"7112 Ingenieursbureaus";"x mln euro";"12071";"12290"
"Bedrijfsopbrengsten";"Netto-omzet";"712 Keurings- en controlediensten";"x mln euro";"1944";"2000"
"Bedrijfsopbrengsten";"Netto-omzet";"72 Research";"x mln euro";"3747";"3983"
"Bedrijfsopbrengsten";"Netto-omzet";"73-75 Reclame, design, overige diensten";"x mln euro";"16365";"16273"
"Bedrijfsopbrengsten";"Netto-omzet";"73 Reclamewezen en marktonderzoek";"x mln euro";"8390";"8093"
"Bedrijfsopbrengsten";"Netto-omzet";"731 Reclamewezen";"x mln euro";"6587";"6341"
"Bedrijfsopbrengsten";"Netto-omzet";"732 Markt- en opinieonderzoek";"x mln euro";"1803";"1753"
"Bedrijfsopbrengsten";"Netto-omzet";"74 Design, fotografie, vertaalbureaus";"x mln euro";"7197";"7317"
"Bedrijfsopbrengsten";"Netto-omzet";"75 Veterinaire dienstverlening";"x mln euro";"777";"863"
"Bedrijfsopbrengsten";"Netto-omzet";"N Verhuur en overige zakelijke diensten";"x mln euro";"48994";"52406"
"Bedrijfsopbrengsten";"Netto-omzet";"77 Verhuur van roerende goederen";"x mln euro";"10395";"10968"
"Bedrijfsopbrengsten";"Netto-omzet";"771 Verhuur en lease van auto's";"x mln euro";"5421";"6194"
"Bedrijfsopbrengsten";"Netto-omzet";"772 Verhuur van consumentenartikelen";"x mln euro";"1378";"1214"
"Bedrijfsopbrengsten";"Netto-omzet";"78 Uitzendbureaus en arbeidsbemiddeling";"x mln euro";"18787";"20625"
"Bedrijfsopbrengsten";"Netto-omzet";"781 Arbeidsbemiddeling";"x mln euro";"1363";"1599"
"Bedrijfsopbrengsten";"Netto-omzet";"782 Uitzend- en uitleenbureaus; pools";"x mln euro";"16884";"18313"
"Bedrijfsopbrengsten";"Netto-omzet";"78203 Banenpools (werkgelegenheid)";"x mln euro";"221";"175"
"Bedrijfsopbrengsten";"Netto-omzet";"783 Payrolling (personeelsbeheer)";"x mln euro";"540";"713"
"Bedrijfsopbrengsten";"Netto-omzet";"79 Reisbureaus, reisorganisatie en -info";"x mln euro";"7199";"7855"
"Bedrijfsopbrengsten";"Netto-omzet";"7912 Reisorganisatiebureaus";"x mln euro";"3890";"4161"
"Bedrijfsopbrengsten";"Netto-omzet";"80 Beveiligings- en opsporingsdiensten";"x mln euro";"1897";"1950"
"Bedrijfsopbrengsten";"Netto-omzet";"81 Schoonmaakbedrijven, hoveniers e.d.";"x mln euro";"6930";"7442"
"Bedrijfsopbrengsten";"Netto-omzet";"812 Schoonmaakbedrijven";"x mln euro";"4696";"4998"
"Bedrijfsopbrengsten";"Netto-omzet";"8121 Interieurreiniging van gebouwen";"x mln euro";"3569";"3650"
"Bedrijfsopbrengsten";"Netto-omzet";"82 Overige zakelijke dienstverlening";"x mln euro";"3786";"3566"
"Bedrijfsopbrengsten";"Netto-omzet";"95 Reparatie van consumentenartikelen";"x mln euro";"889";"903"
"Bedrijfsopbrengsten";"Netto-omzet";"96 Overige persoonlijke dienstverlening";"x mln euro";"4136";"4236"
"Bedrijfsopbrengsten";"Netto-omzet";"9601 Wasserijen";"x mln euro";"839";"850"
"Bedrijfsopbrengsten";"Netto-omzet";"9602 Kappers en schoonheidsverzorging";"x mln euro";"1965";"2043"
"Bedrijfsopbrengsten";"Netto-omzet";"9603 Uitvaartbranche";"x mln euro";"1044";"1056"