"Subjects_1";"Subjects_2";"Sector/branches (SIC 2008)";"Periods";"2010";"2011"
"Labour volume persons employed";"Employed person";"016 Support activities for agriculture";"x 1 000";"29.4";"31.6"
"Labour volume persons employed";"Employed person";"B-E Industry (no construction), energy";"x 1 000";"874.0";"882.7"
"Labour volume persons employed";"Employed person";"B Mining and quarrying ";"x 1 000";"10.8";"13.7"
"Labour volume persons employed";"Employed person";"06 Extraction of crude petroleum and gas";"x 1 000";"3.9";"4.1"
"Labour volume persons employed";"Employed person";"08 Mining and quarrying (no oil and gas)";"x 1 000";"1.9";"2.1"
"Labour volume persons employed";"Employed person";"09 Mining support activities";"x 1 000";"5.0";"7.5"
"Labour volume persons employed";"Employed person";"C Manufacturing";"x 1 000";"798.9";"802.8"
"Labour volume persons employed";"Employed person";"10-12 Manufacture of food and beverages";"x 1 000";"130.9";"129.9"
"Labour volume persons employed";"Employed person";"10 Manufacture of food products";"x 1 000";"120.3";"119.6"
"Labour volume persons employed";"Employed person";"101 Slaughtering, processing of meat";"x 1 000";"20.4";"20.5"
"Labour volume persons employed";"Employed person";"1011 Slaughterhouses (no poultry)";"x 1 000";"8.5";"8.4"
"Labour volume persons employed";"Employed person";"1012 Slaughterhouses (poultry)";"x 1 000";"4.5";"4.9"
"Labour volume persons employed";"Employed person";"1013 Processing of meat (no dishes)";"x 1 000";"7.4";"7.2"
"Labour volume persons employed";"Employed person";"102 Processing of fish";"x 1 000";"3.0";"3.0"
"Labour volume persons employed";"Employed person";"103  Processing of vegetables and fruit";"x 1 000";".";"12.0"
"Labour volume persons employed";"Employed person";"1031 Processing of potatoes";"x 1 000";"4.2";"4.5"
"Labour volume persons employed";"Employed person";"104 Manufacture of edible oils and fats";"x 1 000";"2.7";"2.6"
"Labour volume persons employed";"Employed person";"105 Manufacture of dairy products";"x 1 000";"11.7";"11.7"
"Labour volume persons employed";"Employed person";"106 Grain milling and starch products";"x 1 000";"3.1";"3.3"
"Labour volume persons employed";"Employed person";"1061 Manufacture of grain mill products";"x 1 000";"1.4";"1.5"
"Labour volume persons employed";"Employed person";"1062 Manufacture of starches";"x 1 000";"1.8";"1.9"
"Labour volume persons employed";"Employed person";"107 Manufacture of bakery products";"x 1 000";"35.6";"34.7"
"Labour volume persons employed";"Employed person";"1072 Manufacture of preserved pastry";"x 1 000";"6.9";"6.3"
"Labour volume persons employed";"Employed person";"108 Manufacture of other food";"x 1 000";"25.0";"24.4"
"Labour volume persons employed";"Employed person";"1082 Manufacture of cocoa,confectionary ";"x 1 000";"6.7";"6.7"
"Labour volume persons employed";"Employed person";"109 Manufacture of animal foods";"x 1 000";"7.4";"7.5"
"Labour volume persons employed";"Employed person";"11 Manufacture of beverages";"x 1 000";"7.6";"7.4"
"Labour volume persons employed";"Employed person";"1107 Manufacture of soft drinks";"x 1 000";"2.2";"2.2"
"Labour volume persons employed";"Employed person";"12 Manufacture of tobacco products";"x 1 000";"3.0";"2.9"
"Labour volume persons employed";"Employed person";"13-15 Man. of textile-, leatherproducts";"x 1 000";"16.4";"16.3"
"Labour volume persons employed";"Employed person";"13 Manufacture of textiles";"x 1 000";"11.6";"12.2"
"Labour volume persons employed";"Employed person";"139 Manufacture of other textiles";"x 1 000";"8.7";"9.1"
"Labour volume persons employed";"Employed person";"14 Manufacture of wearing apparel";"x 1 000";"3.0";"2.5"
"Labour volume persons employed";"Employed person";"15 Manufacture of leather and footwear";"x 1 000";"1.8";"1.6"
"Labour volume persons employed";"Employed person";"16+23 Man of wooden and buildingmaterial";"x 1 000";"44.7";"43.8"
"Labour volume persons employed";"Employed person";"16 Manufacture of wood products";"x 1 000";"17.1";"16.0"
"Labour volume persons employed";"Employed person";"161 Sawmilling and planing of wood";"x 1 000";"1.4";"1.3"
"Labour volume persons employed";"Employed person";"162 Manufacture of products of wood";"x 1 000";"15.7";"14.7"
"Labour volume persons employed";"Employed person";"1623 Manufacture other builders' joinery";"x 1 000";"10.7";"10.3"
"Labour volume persons employed";"Employed person";"17-18 Manufacture of paper and printing";"x 1 000";"48.6";"46.9"
"Labour volume persons employed";"Employed person";"17 Manufacture of paper ";"x 1 000";"18.7";"18.3"
"Labour volume persons employed";"Employed person";"171 Manufacture of pulp, paper,  -board";"x 1 000";"3.8";"3.9"
"Labour volume persons employed";"Employed person";"172 Manufacture of articles of paper";"x 1 000";"14.9";"14.4"
"Labour volume persons employed";"Employed person";"1721 Manufacture corrugated paper(board)";"x 1 000";"8.0";"8.0"
"Labour volume persons employed";"Employed person";"18 Printing and reproduction";"x 1 000";"29.9";"28.7"
"Labour volume persons employed";"Employed person";"181 Printing and services for printing";"x 1 000";"29.0";"27.8"
"Labour volume persons employed";"Employed person";"1812 Other printing";"x 1 000";"24.0";"23.0"
"Labour volume persons employed";"Employed person";"182 Reproduction of recorded media";"x 1 000";"0.9";"0.8"
"Labour volume persons employed";"Employed person";"19-22 Refineries and chemistry";"x 1 000";"100.3";"101.1"
"Labour volume persons employed";"Employed person";"19 Manufacture of coke and petroleum ";"x 1 000";"6.4";"6.1"
"Labour volume persons employed";"Employed person";"19201 Refining of petroleum";"x 1 000";"5.4";"5.1"
"Labour volume persons employed";"Employed person";"20-21 Chemistry and pharmaceuticals";"x 1 000";"62.5";"62.7"
"Labour volume persons employed";"Employed person";"20 Manufacture of chemicals";"x 1 000";"46.3";"47.9"
"Labour volume persons employed";"Employed person";"201 Manufacture of basic chemicals";"x 1 000";"26.6";"27.9"
"Labour volume persons employed";"Employed person";"2013 Manufacture other inorganic chemic";"x 1 000";"2.9";"3.0"
"Labour volume persons employed";"Employed person";"2014 Manufacture other organic chemicals";"x 1 000";"9.0";"9.6"
"Labour volume persons employed";"Employed person";"20141 Manufacture of petrochemicals";"x 1 000";"5.5";"4.9"
"Labour volume persons employed";"Employed person";"20149 Manufacture other organic chemical";"x 1 000";"3.5";"4.7"
"Labour volume persons employed";"Employed person";"2015 Manufacture of fertilisers";"x 1 000";"1.5";"1.5"
"Labour volume persons employed";"Employed person";"2016 Manufacture plastics (primary form)";"x 1 000";"9.8";"10.2"
"Labour volume persons employed";"Employed person";"203 Manufacture of paints and ink";"x 1 000";"6.2";"6.2"
"Labour volume persons employed";"Employed person";"205 Manufacture of other chemicals";"x 1 000";"7.0";"7.3"
"Labour volume persons employed";"Employed person";"206 Manufacture of man-made fibres";"x 1 000";"2.2";"2.3"
"Labour volume persons employed";"Employed person";"21 Manufacture of pharmaceuticals";"x 1 000";"16.3";"14.8"
"Labour volume persons employed";"Employed person";"211 Manufacture of basic pharmaceuticals";"x 1 000";"0.4";"0.4"
"Labour volume persons employed";"Employed person";"212 Manufacture of pharmaceuticals";"x 1 000";"15.9";"14.4"
"Labour volume persons employed";"Employed person";"22 Manufacture rubber, plastic products";"x 1 000";"31.4";"32.3"
"Labour volume persons employed";"Employed person";"221 Manufacture of rubber products";"x 1 000";"3.6";"3.9"
"Labour volume persons employed";"Employed person";"222 Manufacture of plastic products";"x 1 000";"27.8";"28.4"
"Labour volume persons employed";"Employed person";"2221 Manufacture plastic plates, tubes";"x 1 000";"9.1";"8.9"
"Labour volume persons employed";"Employed person";"2229 Manufacture other plastic products";"x 1 000";"8.7";"8.1"
"Labour volume persons employed";"Employed person";"23 Manufacture of building materials";"x 1 000";"27.6";"27.8"
"Labour volume persons employed";"Employed person";"231 Manufacture of glass ";"x 1 000";"5.7";"5.5"
"Labour volume persons employed";"Employed person";"236 Manufacture concrete etc. products";"x 1 000";"13.4";"13.7"
"Labour volume persons employed";"Employed person";"2361 Manufacture of concrete products";"x 1 000";"10.2";"10.6"
"Labour volume persons employed";"Employed person";"237 Stone dressing";"x 1 000";"2.1";"1.9"
"Labour volume persons employed";"Employed person";"24-30, 33 Metalectro-industry";"x 1 000";"332.5";"338.1"
"Labour volume persons employed";"Employed person";"24-25 Man. of basic metals and -products";"x 1 000";"116.3";"118.1"
"Labour volume persons employed";"Employed person";"24 Manufacture of basic metals";"x 1 000";"21.8";"21.9"
"Labour volume persons employed";"Employed person";"241 Manufacture of iron and steel";"x 1 000";"x";"x"
"Labour volume persons employed";"Employed person";"244 Manufacture of non-ferrous metals";"x 1 000";"5.7";"5.5"
"Labour volume persons employed";"Employed person";"245 Casting of metals";"x 1 000";"3.8";"4.2"
"Labour volume persons employed";"Employed person";"25 Manufacture of metal products";"x 1 000";"94.5";"96.2"
"Labour volume persons employed";"Employed person";"251 Manufacture metal structures, doors";"x 1 000";"39.0";"40.7"
"Labour volume persons employed";"Employed person";"255 Forging, pressing, stamping";"x 1 000";"8.7";"8.4"
"Labour volume persons employed";"Employed person";"256 Other treatment of metals, machining";"x 1 000";"23.9";"25.7"
"Labour volume persons employed";"Employed person";"2561 Treatment and coating of metals";"x 1 000";"8.3";"8.6"
"Labour volume persons employed";"Employed person";"2562 Machining";"x 1 000";"15.7";"17.2"
"Labour volume persons employed";"Employed person";"257 Manufacture of hardware";"x 1 000";"3.8";"4.3"
"Labour volume persons employed";"Employed person";"259 Manufacture of other metal products";"x 1 000";"13.2";"12.4"
"Labour volume persons employed";"Employed person";"26-27 Elektrical and electron. Industry";"x 1 000";"50.9";"51.8"
"Labour volume persons employed";"Employed person";"26-28 Manufact of electronics, machinery";"x 1 000";"132.0";"136.4"
"Labour volume persons employed";"Employed person";"26 Manufacture of electronic products";"x 1 000";"29.5";"28.7"
"Labour volume persons employed";"Employed person";"263 Manufacture communication equipment";"x 1 000";"1.3";"1.4"
"Labour volume persons employed";"Employed person";"264 Manufacture of consumer electronics";"x 1 000";"1.1";"1.1"
"Labour volume persons employed";"Employed person";"265 Manufacture of measuring instruments";"x 1 000";"11.1";"10.8"
"Labour volume persons employed";"Employed person";"267 Manufacture of optical instruments ";"x 1 000";"1.1";"."
"Labour volume persons employed";"Employed person";"27 Manufacture of electric equipment";"x 1 000";"21.3";"23.1"
"Labour volume persons employed";"Employed person";"271 Manufacture of electric motors etc.";"x 1 000";"6.4";"6.3"
"Labour volume persons employed";"Employed person";"273 Manufacture of wiring and -devices ";"x 1 000";"3.0";"2.8"
"Labour volume persons employed";"Employed person";"274 Manufacture of lighting equipment";"x 1 000";"5.9";"6.1"
"Labour volume persons employed";"Employed person";"275 Manufacture of domestic appliances";"x 1 000";"3.4";"4.0"
"Labour volume persons employed";"Employed person";"28 Manufacture of machinery n.e.c.";"x 1 000";"81.2";"84.5"
"Labour volume persons employed";"Employed person";"281 Manufacture of engines, pumps etc.";"x 1 000";"12.7";"12.7"
"Labour volume persons employed";"Employed person";"282 Manufacture of general machinery";"x 1 000";"33.6";"35.6"
"Labour volume persons employed";"Employed person";"2822 Manufacture of lifting equipment";"x 1 000";"12.6";"13.2"
"Labour volume persons employed";"Employed person";"2829 Manufacture general-use machinery ";"x 1 000";"11.2";"11.2"
"Labour volume persons employed";"Employed person";"283 Manufacture agricultural machinery";"x 1 000";"6.8";"7.3"
"Labour volume persons employed";"Employed person";"284 Manufacture of machine tools";"x 1 000";"1.6";"1.3"
"Labour volume persons employed";"Employed person";"289 Manufacture other special machinery";"x 1 000";"26.4";"27.6"
"Labour volume persons employed";"Employed person";"2899 Manufacture other special machinery";"x 1 000";"13.6";"15.0"
"Labour volume persons employed";"Employed person";"29-30 Transport equipment";"x 1 000";"43.2";"41.3"
"Labour volume persons employed";"Employed person";"29 Manufacture of cars and trailers";"x 1 000";"21.3";"21.7"
"Labour volume persons employed";"Employed person";"291 Manufacture of motor vehicles";"x 1 000";"8.8";"10.1"
"Labour volume persons employed";"Employed person";"292 Manufacture of bodies and trailers";"x 1 000";"6.9";"6.3"
"Labour volume persons employed";"Employed person";"293 Manufacture of car parts";"x 1 000";"5.6";"5.3"
"Labour volume persons employed";"Employed person";"30 Manufacture of other transport";"x 1 000";"21.9";"19.7"
"Labour volume persons employed";"Employed person";"301 Building of ships and boats";"x 1 000";"14.6";"12.8"
"Labour volume persons employed";"Employed person";"302 Manufacture of railway rolling stock";"x 1 000";"0.3";"0.3"
"Labour volume persons employed";"Employed person";"309 Manufacture of transport n.e.c. ";"x 1 000";"2.8";"2.8"
"Labour volume persons employed";"Employed person";"31 Manufacture of furniture";"x 1 000";"25.0";"23.7"
"Labour volume persons employed";"Employed person";"3101 Manufacture business furniture etc";"x 1 000";"14.0";"13.3"
"Labour volume persons employed";"Employed person";"32 Manufacture of other products";"x 1 000";"100.4";"102.8"
"Labour volume persons employed";"Employed person";"325 Manufacture of medical instruments";"x 1 000";"9.9";"10.7"
"Labour volume persons employed";"Employed person";"329 Manufacture of other products n.e.c.";"x 1 000";"87.2";"89.1"
"Labour volume persons employed";"Employed person";"32991 Sheltered workshops";"x 1 000";"85.2";"87.2"
"Labour volume persons employed";"Employed person";"33 Repair and installation of machinery";"x 1 000";"40.9";"42.3"
"Labour volume persons employed";"Employed person";"331 Repair of machinery and equipment";"x 1 000";"31.1";"32.4"
"Labour volume persons employed";"Employed person";"3311 Repair of fabricated metal products";"x 1 000";".";"."
"Labour volume persons employed";"Employed person";"332 Installation of industrial machinery";"x 1 000";"9.8";"9.9"
"Labour volume persons employed";"Employed person";"35-36 Energy and water";"x 1 000";"-";"35.3"
"Labour volume persons employed";"Employed person";"D Electricity and gas supply";"x 1 000";"28.9";"29.9"
"Labour volume persons employed";"Employed person";"35 Electricity and gas supply";"x 1 000";"28.9";"29.9"
"Labour volume persons employed";"Employed person";"3514 Trade of electricity and gas";"x 1 000";"x";"x"
"Labour volume persons employed";"Employed person";"E Water supply and waste management";"x 1 000";"35.4";"36.3"
"Labour volume persons employed";"Employed person";"36 Water collection and distribution";"x 1 000";"5.5";"5.3"
"Labour volume persons employed";"Employed person";"37 Sewerage ";"x 1 000";"3.8";"3.9"
"Labour volume persons employed";"Employed person";"38 Waste collection and treatment";"x 1 000";"24.1";"24.7"
"Labour volume persons employed";"Employed person";"381 Waste collection";"x 1 000";"13.7";"13.0"
"Labour volume persons employed";"Employed person";"382 Waste treatment and disposal";"x 1 000";"6.0";"6.5"
"Labour volume persons employed";"Employed person";"383 Materials recovery";"x 1 000";"4.5";"5.1"
"Labour volume persons employed";"Employed person";"39 Remediation, other waste management ";"x 1 000";"1.9";"2.4"
"Labour volume persons employed";"Employed person";"F Construction";"x 1 000";"514.8";"512.2"
"Labour volume persons employed";"Employed person";"41 Construction buildings, development";"x 1 000";"154.7";"155.9"
"Labour volume persons employed";"Employed person";"412-439 Construction (no development)";"x 1 000";".";"501.3"
"Labour volume persons employed";"Employed person";"412 Construction of buildings";"x 1 000";"144.0";"145.0"
"Labour volume persons employed";"Employed person";"42 Civil engineering";"x 1 000";"69.8";"67.7"
"Labour volume persons employed";"Employed person";"421 Construction of roads and railways";"x 1 000";"42.1";"40.3"
"Labour volume persons employed";"Employed person";"422 Construction of utility projects";"x 1 000";"20.5";"20.2"
"Labour volume persons employed";"Employed person";"43 Specialised construction activities";"x 1 000";"290.3";"288.6"
"Labour volume persons employed";"Employed person";"431 Demolition and site preparation";"x 1 000";"17.7";"17.6"
"Labour volume persons employed";"Employed person";"432 Construction installation";"x 1 000";"138.5";"138.1"
"Labour volume persons employed";"Employed person";"4322 Plumbing, fitting, installation";"x 1 000";"61.3";"59.3"
"Labour volume persons employed";"Employed person";"433 Building completion";"x 1 000";"85.7";"85.6"
"Labour volume persons employed";"Employed person";"4331 Plastering";"x 1 000";"9.6";"9.5"
"Labour volume persons employed";"Employed person";"4334 Painting and glazing";"x 1 000";"37.4";"36.1"
"Labour volume persons employed";"Employed person";"439 Other specialised construction";"x 1 000";"48.4";"47.2"
"Labour volume persons employed";"Employed person";"4391 Roofing";"x 1 000";"10.4";"10.7"
"Labour volume persons employed";"Employed person";"G-I Trade, transport, hotels, catering";"x 1 000";"1738.7";"1783.4"
"Labour volume persons employed";"Employed person";"G Wholesale and retail trade";"x 1 000";"1120.0";"1145.3"
"Labour volume persons employed";"Employed person";"45 Sale and repair of motor vehicles";"x 1 000";"128.1";"134.9"
"Labour volume persons employed";"Employed person";"451 Sale and repair of motor vehicles";"x 1 000";"86.5";"90.8"
"Labour volume persons employed";"Employed person";"4511 Sale and repair of cars";"x 1 000";"74.1";"78.0"
"Labour volume persons employed";"Employed person";"45111 Import of new passenger cars";"x 1 000";"2.8";"2.7"
"Labour volume persons employed";"Employed person";"45112 Sale of passenger cars, no import";"x 1 000";"71.3";"75.3"
"Labour volume persons employed";"Employed person";"4519 Sale and repair of trucks, trailers";"x 1 000";"12.4";"12.8"
"Labour volume persons employed";"Employed person";"452 Specialised repair of motor vehicles";"x 1 000";"21.4";"23.3"
"Labour volume persons employed";"Employed person";"453 Sale of motor vehicle parts.";"x 1 000";"16.9";"17.1"
"Labour volume persons employed";"Employed person";"454 Sale and repair of motorcycles";"x 1 000";"3.3";"3.7"
"Labour volume persons employed";"Employed person";"46 Wholesale trade (no motor vehicles)";"x 1 000";"487.6";"505.0"
"Labour volume persons employed";"Employed person";"462-469 Wholesale";"x 1 000";"462.4";"479.3"
"Labour volume persons employed";"Employed person";"462 Wholesale of agricultural products";"x 1 000";"33.1";"33.3"
"Labour volume persons employed";"Employed person";"4621 Wholesale of grain, seeds etc.";"x 1 000";"9.3";"8.6"
"Labour volume persons employed";"Employed person";"4622 Wholesale of flowers and plants";"x 1 000";"19.6";"20.2"
"Labour volume persons employed";"Employed person";"463 Wholesale of food and beverages ";"x 1 000";"81.9";"83.7"
"Labour volume persons employed";"Employed person";"4631 Wholesale of vegetables, potatoes";"x 1 000";"16.8";"16.3"
"Labour volume persons employed";"Employed person";"4634 Wholesale of beverages";"x 1 000";"5.8";"5.4"
"Labour volume persons employed";"Employed person";"4638 Wholesale of other food";"x 1 000";"14.5";"14.9"
"Labour volume persons employed";"Employed person";"4639 Non-specialised wholesale of food";"x 1 000";"22.6";"23.3"
"Labour volume persons employed";"Employed person";"464 Wholesale of consumer goods";"x 1 000";"108.5";"118.2"
"Labour volume persons employed";"Employed person";"4642 Wholesale of clothes, shoes etc";"x 1 000";"19.4";"21.1"
"Labour volume persons employed";"Employed person";"4643 Wholesale consumer electronics etc";"x 1 000";"11.9";"12.7"
"Labour volume persons employed";"Employed person";"4646 Wholesale of medical goods";"x 1 000";"26.2";"28.7"
"Labour volume persons employed";"Employed person";"4647 Wholesale of furniture and carpets";"x 1 000";"8.9";"8.8"
"Labour volume persons employed";"Employed person";"465 Wholesale of ICT-equipment";"x 1 000";"56.7";"58.0"
"Labour volume persons employed";"Employed person";"4651 Wholesale of computers and software";"x 1 000";"32.7";"34.3"
"Labour volume persons employed";"Employed person";"4652 Wholesale of other electronics";"x 1 000";"24.1";"23.8"
"Labour volume persons employed";"Employed person";"466 Wholesale of other machinery";"x 1 000";"86.6";"88.7"
"Labour volume persons employed";"Employed person";"467 Other specialised wholesale";"x 1 000";"86.4";"87.3"
"Labour volume persons employed";"Employed person";"4671 Wholesale of mineral oils";"x 1 000";"6.3";"6.1"
"Labour volume persons employed";"Employed person";"4672 Wholesale of metals and metal ores";"x 1 000";"8.5";"8.9"
"Labour volume persons employed";"Employed person";"4673 Wholesale of construction materials";"x 1 000";"39.7";"40.6"
"Labour volume persons employed";"Employed person";"4675 Wholesale of chemical products";"x 1 000";"9.7";"8.9"
"Labour volume persons employed";"Employed person";"4677 Wholesale of waste and scrap";"x 1 000";"7.3";"7.2"
"Labour volume persons employed";"Employed person";"469 Non-specialised wholesale ";"x 1 000";"9.3";"10.0"
"Labour volume persons employed";"Employed person";"47 Retail trade (not in motor vehicles)";"x 1 000";"504.2";"505.4"
"Labour volume persons employed";"Employed person";"471 Non-specialised retail sales.";"x 1 000";"127.8";"127.9"
"Labour volume persons employed";"Employed person";"4719, 474-477Shops in Non-food";"x 1 000";".";"303.8"
"Labour volume persons employed";"Employed person";"4711 Supermarkets and similar stores";"x 1 000";"111.0";"111.1"
"Labour volume persons employed";"Employed person";"4711, 472 Shops in food";"x 1 000";".";"149.4"
"Labour volume persons employed";"Employed person";"4719 Department stores";"x 1 000";"16.7";"16.8"
"Labour volume persons employed";"Employed person";"472 Specialised shops selling food";"x 1 000";"38.7";"38.3"
"Labour volume persons employed";"Employed person";"473 Petrol stations";"x 1 000";"10.5";"10.8"
"Labour volume persons employed";"Employed person";"474 Shops selling consumer electronics";"x 1 000";"17.4";"15.7"
"Labour volume persons employed";"Employed person";"4743 Shops for brown and white goods";"x 1 000";"11.4";"10.0"
"Labour volume persons employed";"Employed person";"475 Shops for other household equipment";"x 1 000";"70.6";"72.0"
"Labour volume persons employed";"Employed person";"4751 Shops selling textiles and wool";"x 1 000";"1.3";"1.2"
"Labour volume persons employed";"Employed person";"4752 Shops for do-it-yourself articles";"x 1 000";"28.6";"28.5"
"Labour volume persons employed";"Employed person";"4753 Shops for floor coverings, curtains";"x 1 000";"4.5";"4.3"
"Labour volume persons employed";"Employed person";"4754 Shops for electr. household goods ";"x 1 000";"1.6";"2.2"
"Labour volume persons employed";"Employed person";"4759 Shops for other household articles";"x 1 000";"34.6";"35.8"
"Labour volume persons employed";"Employed person";"476 Shops selling recreation goods";"x 1 000";"28.7";"28.8"
"Labour volume persons employed";"Employed person";"4764 Shops for sports and camping goods";"x 1 000";"14.7";"14.9"
"Labour volume persons employed";"Employed person";"4765 Shops selling toys";"x 1 000";"4.8";"4.8"
"Labour volume persons employed";"Employed person";"477 Shops selling other goods";"x 1 000";"168.8";"170.6"
"Labour volume persons employed";"Employed person";"4771 Shops selling clothing";"x 1 000";"65.0";"65.9"
"Labour volume persons employed";"Employed person";"4772 Shops for footwear, leather goods";"x 1 000";"15.3";"15.6"
"Labour volume persons employed";"Employed person";"4773 Dispensing chemists";"x 1 000";"17.6";"18.2"
"Labour volume persons employed";"Employed person";"4774 Drugstores, shops for medical goods";"x 1 000";"16.3";"16.0"
"Labour volume persons employed";"Employed person";"4775 Shops for perfumes, cosmetic goods";"x 1 000";"3.4";"3.6"
"Labour volume persons employed";"Employed person";"4776 Shops for flowers, plants and pets";"x 1 000";"21.8";"21.7"
"Labour volume persons employed";"Employed person";"4777 Shops selling jewellery and watches";"x 1 000";"5.7";"5.8"
"Labour volume persons employed";"Employed person";"478 Market sale";"x 1 000";"15.6";"15.5"
"Labour volume persons employed";"Employed person";"479 Retail sale not via store or market";"x 1 000";"26.3";"25.9"
"Labour volume persons employed";"Employed person";"4791 Retail sale via internet";"x 1 000";".";"20.8"
"Labour volume persons employed";"Employed person";"H+J Transport, ICT";"x 1 000";".";"."
"Labour volume persons employed";"Employed person";"H Transportation and storage";"x 1 000";"379.6";"388.4"
"Labour volume persons employed";"Employed person";"49 Land transport ";"x 1 000";"188.9";"194.5"
"Labour volume persons employed";"Employed person";"491-492 Rail transport";"x 1 000";"x";"11.5"
"Labour volume persons employed";"Employed person";"493 Passenger transport by road";"x 1 000";"61.6";"61.6"
"Labour volume persons employed";"Employed person";"4932 Taxi operation";"x 1 000";"30.2";"31.4"
"Labour volume persons employed";"Employed person";"494 Freight transport by road";"x 1 000";"115.3";"121.1"
"Labour volume persons employed";"Employed person";"4941 Freight road transport, no removals";"x 1 000";"111.3";"116.8"
"Labour volume persons employed";"Employed person";"4942 Removal services";"x 1 000";"4.0";"4.3"
"Labour volume persons employed";"Employed person";"50 Water transport ";"x 1 000";"28.8";"30.8"
"Labour volume persons employed";"Employed person";"501-502 Sea water transport";"x 1 000";".";"."
"Labour volume persons employed";"Employed person";"503-504 Inland water transport";"x 1 000";"14.1";"15.1"
"Labour volume persons employed";"Employed person";"51 Air transport ";"x 1 000";"25.0";"23.3"
"Labour volume persons employed";"Employed person";"52 Warehousing, services for transport";"x 1 000";"86.2";"90.1"
"Labour volume persons employed";"Employed person";"521 Warehousing and storage";"x 1 000";"17.5";"18.6"
"Labour volume persons employed";"Employed person";"522 Services activities for transport";"x 1 000";"68.7";"71.5"
"Labour volume persons employed";"Employed person";"5221 Services for land transport";"x 1 000";"7.7";"7.8"
"Labour volume persons employed";"Employed person";"5222 Services for water transport";"x 1 000";"4.2";"4.3"
"Labour volume persons employed";"Employed person";"5223 Services for air transport";"x 1 000";"5.4";"5.5"
"Labour volume persons employed";"Employed person";"5224 Cargo handling";"x 1 000";"11.1";"12.0"
"Labour volume persons employed";"Employed person";"5229 Agents for transport and weighing";"x 1 000";"40.3";"41.8"
"Labour volume persons employed";"Employed person";"53 Postal and courier activities";"x 1 000";"50.7";"49.8"
"Labour volume persons employed";"Employed person";"Hotels, restaurants and bars";"x 1 000";"192.1";"201.2"
"Labour volume persons employed";"Employed person";"I Accommodation and food serving";"x 1 000";"239.1";"249.6"
"Labour volume persons employed";"Employed person";"55 Accommodation";"x 1 000";"52.3";"54.9"
"Labour volume persons employed";"Employed person";"551 Hotels and similar accommodation";"x 1 000";"36.6";"39.4"
"Labour volume persons employed";"Employed person";"56 Food and beverage service activities";"x 1 000";"186.9";"194.8"
"Labour volume persons employed";"Employed person";"561 Restaurants ";"x 1 000";"115.1";"119.3"
"Labour volume persons employed";"Employed person";"56101 Restaurants";"x 1 000";"74.2";"76.8"
"Labour volume persons employed";"Employed person";"56102-56103 Snackbars, icecream parlours";"x 1 000";"40.8";"42.5"
"Labour volume persons employed";"Employed person";"562 Canteens and catering";"x 1 000";"31.3";"33.0"
"Labour volume persons employed";"Employed person";"563 Bars";"x 1 000";"40.5";"42.5"
"Labour volume persons employed";"Employed person";"J Information and communication";"x 1 000";"259.2";"263.9"
"Labour volume persons employed";"Employed person";"58-60 Publishing, movie, radio and  TV";"x 1 000";"54.5";"54.3"
"Labour volume persons employed";"Employed person";"58 Publishing ";"x 1 000";"29.8";"28.8"
"Labour volume persons employed";"Employed person";"59 Film, TV and music production etc";"x 1 000";"16.6";"17.4"
"Labour volume persons employed";"Employed person";"60 Programming and broadcasting";"x 1 000";"8.1";"8.1"
"Labour volume persons employed";"Employed person";"61 Telecommunications";"x 1 000";"32.6";"33.6"
"Labour volume persons employed";"Employed person";"62-63 IT- and information services";"x 1 000";"172.1";"176.0"
"Labour volume persons employed";"Employed person";"62 Support activities in the field of IT";"x 1 000";"159.4";"160.8"
"Labour volume persons employed";"Employed person";"63 Information service activities";"x 1 000";"12.8";"15.2"
"Labour volume persons employed";"Employed person";"L Renting, buying, selling real estate";"x 1 000";".";"."
"Labour volume persons employed";"Employed person";"68 Renting, buying, selling real estate";"x 1 000";".";"."
"Labour volume persons employed";"Employed person";"69 Legal services, administration etc.";"x 1 000";"143.3";"141.7"
"Labour volume persons employed";"Employed person";"691 Legal activities";"x 1 000";"48.8";"49.0"
"Labour volume persons employed";"Employed person";"692 Accounting, administration etc.";"x 1 000";"94.4";"92.7"
"Labour volume persons employed";"Employed person";"70102 Holding companies (not financial)";"x 1 000";"17.3";"19.2"
"Labour volume persons employed";"Employed person";"702 Management and business consultancy";"x 1 000";"126.4";"133.2"
"Labour volume persons employed";"Employed person";"71 Architects, technical services etc.";"x 1 000";"127.8";"127.8"
"Labour volume persons employed";"Employed person";"711 Architects, engineers etc.";"x 1 000";"112.6";"112.1"
"Labour volume persons employed";"Employed person";"7111 Architects";"x 1 000";"14.7";"13.6"
"Labour volume persons employed";"Employed person";"7112 Engineers and technical consultancy";"x 1 000";"97.9";"98.5"
"Labour volume persons employed";"Employed person";"712 Technical testing and analysis";"x 1 000";"15.2";"15.7"
"Labour volume persons employed";"Employed person";"72 Research and development";"x 1 000";"32.6";"32.8"
"Labour volume persons employed";"Employed person";"73-75 Advertising, design and other";"x 1 000";"108.2";"117.9"
"Labour volume persons employed";"Employed person";"73 Advertising and market research";"x 1 000";"59.3";"63.0"
"Labour volume persons employed";"Employed person";"731 Advertising";"x 1 000";"43.8";"47.7"
"Labour volume persons employed";"Employed person";"732 Market research and opinion polling ";"x 1 000";"15.5";"15.2"
"Labour volume persons employed";"Employed person";"74 Other specialised business services";"x 1 000";"42.9";"47.9"
"Labour volume persons employed";"Employed person";"75 Veterinary activities";"x 1 000";"6.0";"7.0"
"Labour volume persons employed";"Employed person";"N Renting and other business support";"x 1 000";"302.2";"310.2"
"Labour volume persons employed";"Employed person";"77 Renting and leasing of tangible goods";"x 1 000";"31.4";"31.4"
"Labour volume persons employed";"Employed person";"771 Renting of motor vehicles";"x 1 000";"5.4";"6.4"
"Labour volume persons employed";"Employed person";"772 Renting of consumer goods";"x 1 000";"9.6";"10.0"
"Labour volume persons employed";"Employed person";"78 Employment activities";"x 1 000";"63.9";"66.0"
"Labour volume persons employed";"Employed person";"781 Employment placement agencies";"x 1 000";"10.8";"11.6"
"Labour volume persons employed";"Employed person";"782 Provision of temporary employment";"x 1 000";"52.4";"53.1"
"Labour volume persons employed";"Employed person";"78203 Job pools (employment projects)";"x 1 000";"1.3";"."
"Labour volume persons employed";"Employed person";"783 Payrolling";"x 1 000";"0.7";"."
"Labour volume persons employed";"Employed person";"79 Travel agencies, tour operators etc";"x 1 000";"18.9";"20.3"
"Labour volume persons employed";"Employed person";"7912 Tour operators";"x 1 000";"6.3";"6.7"
"Labour volume persons employed";"Employed person";"80 Security and investigation";"x 1 000";"32.0";"32.4"
"Labour volume persons employed";"Employed person";"81 Facility management";"x 1 000";"122.3";"124.9"
"Labour volume persons employed";"Employed person";"812 Cleaning activities";"x 1 000";"97.5";"98.3"
"Labour volume persons employed";"Employed person";"8121 General cleaning of buildings";"x 1 000";"83.5";"81.9"
"Labour volume persons employed";"Employed person";"82 Other business services";"x 1 000";"33.6";"35.2"
"Labour volume persons employed";"Employed person";"95 Repair computers and consumer goods";"x 1 000";"11.4";"11.6"
"Labour volume persons employed";"Employed person";"96 Other personal services";"x 1 000";"79.6";"77.8"
"Labour volume persons employed";"Employed person";"9601 Cleaning of clothes of textile ";"x 1 000";"9.6";"10.0"
"Labour volume persons employed";"Employed person";"9602 Hairdressing and beauty treatment";"x 1 000";"59.0";"56.6"
"Labour volume persons employed";"Employed person";"9603 Funeral and related activities";"x 1 000";"5.7";"5.8"
"Operating returns";"Net turnover";"016 Support activities for agriculture";"x mln euro";"3843";"4660"
"Operating returns";"Net turnover";"B-E Industry (no construction), energy";"x mln euro";"359183";"401106"
"Operating returns";"Net turnover";"B Mining and quarrying ";"x mln euro";"38194";"42274"
"Operating returns";"Net turnover";"06 Extraction of crude petroleum and gas";"x mln euro";"34829";"38608"
"Operating returns";"Net turnover";"08 Mining and quarrying (no oil and gas)";"x mln euro";"996";"1174"
"Operating returns";"Net turnover";"09 Mining support activities";"x mln euro";"2369";"2493"
"Operating returns";"Net turnover";"C Manufacturing";"x mln euro";"271274";"307818"
"Operating returns";"Net turnover";"10-12 Manufacture of food and beverages";"x mln euro";"59583";"65953"
"Operating returns";"Net turnover";"10 Manufacture of food products";"x mln euro";"51764";"57945"
"Operating returns";"Net turnover";"101 Slaughtering, processing of meat";"x mln euro";"8417";"9238"
"Operating returns";"Net turnover";"1011 Slaughterhouses (no poultry)";"x mln euro";"3994";"4339"
"Operating returns";"Net turnover";"1012 Slaughterhouses (poultry)";"x mln euro";"2157";"2455"
"Operating returns";"Net turnover";"1013 Processing of meat (no dishes)";"x mln euro";"2266";"2444"
"Operating returns";"Net turnover";"102 Processing of fish";"x mln euro";"798";"855"
"Operating returns";"Net turnover";"103  Processing of vegetables and fruit";"x mln euro";"4509";"4985"
"Operating returns";"Net turnover";"1031 Processing of potatoes";"x mln euro";"1756";"2102"
"Operating returns";"Net turnover";"104 Manufacture of edible oils and fats";"x mln euro";"5369";"6973"
"Operating returns";"Net turnover";"105 Manufacture of dairy products";"x mln euro";"8861";"10531"
"Operating returns";"Net turnover";"106 Grain milling and starch products";"x mln euro";"2012";"2176"
"Operating returns";"Net turnover";"1061 Manufacture of grain mill products";"x mln euro";"675";"883"
"Operating returns";"Net turnover";"1062 Manufacture of starches";"x mln euro";"1337";"1294"
"Operating returns";"Net turnover";"107 Manufacture of bakery products";"x mln euro";"4436";"4516"
"Operating returns";"Net turnover";"1072 Manufacture of preserved pastry";"x mln euro";"1451";"1375"
"Operating returns";"Net turnover";"108 Manufacture of other food";"x mln euro";"11097";"11110"
"Operating returns";"Net turnover";"1082 Manufacture of cocoa,confectionary ";"x mln euro";"4122";"4176"
"Operating returns";"Net turnover";"109 Manufacture of animal foods";"x mln euro";"6265";"7562"
"Operating returns";"Net turnover";"11 Manufacture of beverages";"x mln euro";"4660";"4732"
"Operating returns";"Net turnover";"1107 Manufacture of soft drinks";"x mln euro";"1388";"1461"
"Operating returns";"Net turnover";"12 Manufacture of tobacco products";"x mln euro";"3159";"3276"
"Operating returns";"Net turnover";"13-15 Man. of textile-, leatherproducts";"x mln euro";"3378";"3677"
"Operating returns";"Net turnover";"13 Manufacture of textiles";"x mln euro";"2500";"2789"
"Operating returns";"Net turnover";"139 Manufacture of other textiles";"x mln euro";"1980";"2196"
"Operating returns";"Net turnover";"14 Manufacture of wearing apparel";"x mln euro";"505";"451"
"Operating returns";"Net turnover";"15 Manufacture of leather and footwear";"x mln euro";"374";"438"
"Operating returns";"Net turnover";"16+23 Man of wooden and buildingmaterial";"x mln euro";"8814";"9679"
"Operating returns";"Net turnover";"16 Manufacture of wood products";"x mln euro";"2769";"2906"
"Operating returns";"Net turnover";"161 Sawmilling and planing of wood";"x mln euro";"383";"372"
"Operating returns";"Net turnover";"162 Manufacture of products of wood";"x mln euro";"2386";"2533"
"Operating returns";"Net turnover";"1623 Manufacture other builders' joinery";"x mln euro";"1517";"1614"
"Operating returns";"Net turnover";"17-18 Manufacture of paper and printing";"x mln euro";"10628";"10859"
"Operating returns";"Net turnover";"17 Manufacture of paper ";"x mln euro";"5879";"6208"
"Operating returns";"Net turnover";"171 Manufacture of pulp, paper,  -board";"x mln euro";"1538";"1738"
"Operating returns";"Net turnover";"172 Manufacture of articles of paper";"x mln euro";"4341";"4470"
"Operating returns";"Net turnover";"1721 Manufacture corrugated paper(board)";"x mln euro";"1995";"2207"
"Operating returns";"Net turnover";"18 Printing and reproduction";"x mln euro";"4749";"4651"
"Operating returns";"Net turnover";"181 Printing and services for printing";"x mln euro";"4636";"4529"
"Operating returns";"Net turnover";"1812 Other printing";"x mln euro";"3988";"3885"
"Operating returns";"Net turnover";"182 Reproduction of recorded media";"x mln euro";"113";"122"
"Operating returns";"Net turnover";"19-22 Refineries and chemistry";"x mln euro";"93057";"113093"
"Operating returns";"Net turnover";"19 Manufacture of coke and petroleum ";"x mln euro";"37239";"49043"
"Operating returns";"Net turnover";"19201 Refining of petroleum";"x mln euro";"36841";"48547"
"Operating returns";"Net turnover";"20-21 Chemistry and pharmaceuticals";"x mln euro";"48627";"56149"
"Operating returns";"Net turnover";"20 Manufacture of chemicals";"x mln euro";"42255";"50094"
"Operating returns";"Net turnover";"201 Manufacture of basic chemicals";"x mln euro";"34142";"41274"
"Operating returns";"Net turnover";"2013 Manufacture other inorganic chemic";"x mln euro";"1946";"2027"
"Operating returns";"Net turnover";"2014 Manufacture other organic chemicals";"x mln euro";"18467";"18944"
"Operating returns";"Net turnover";"20141 Manufacture of petrochemicals";"x mln euro";"12371";"15077"
"Operating returns";"Net turnover";"20149 Manufacture other organic chemical";"x mln euro";"6096";"3867"
"Operating returns";"Net turnover";"2015 Manufacture of fertilisers";"x mln euro";"2226";"2543"
"Operating returns";"Net turnover";"2016 Manufacture plastics (primary form)";"x mln euro";"9191";"14794"
"Operating returns";"Net turnover";"203 Manufacture of paints and ink";"x mln euro";"1810";"2016"
"Operating returns";"Net turnover";"205 Manufacture of other chemicals";"x mln euro";"3825";"4522"
"Operating returns";"Net turnover";"206 Manufacture of man-made fibres";"x mln euro";"873";"846"
"Operating returns";"Net turnover";"21 Manufacture of pharmaceuticals";"x mln euro";"6371";"6055"
"Operating returns";"Net turnover";"211 Manufacture of basic pharmaceuticals";"x mln euro";"120";"115"
"Operating returns";"Net turnover";"212 Manufacture of pharmaceuticals";"x mln euro";"6251";"5940"
"Operating returns";"Net turnover";"22 Manufacture rubber, plastic products";"x mln euro";"7192";"7901"
"Operating returns";"Net turnover";"221 Manufacture of rubber products";"x mln euro";"709";"870"
"Operating returns";"Net turnover";"222 Manufacture of plastic products";"x mln euro";"6483";"7031"
"Operating returns";"Net turnover";"2221 Manufacture plastic plates, tubes";"x mln euro";"2569";"2650"
"Operating returns";"Net turnover";"2229 Manufacture other plastic products";"x mln euro";"1653";"1606"
"Operating returns";"Net turnover";"23 Manufacture of building materials";"x mln euro";"6045";"6774"
"Operating returns";"Net turnover";"231 Manufacture of glass ";"x mln euro";"1052";"1110"
"Operating returns";"Net turnover";"236 Manufacture concrete etc. products";"x mln euro";"3114";"3445"
"Operating returns";"Net turnover";"2361 Manufacture of concrete products";"x mln euro";"2010";"2281"
"Operating returns";"Net turnover";"237 Stone dressing";"x mln euro";"288";"299"
"Operating returns";"Net turnover";"24-30, 33 Metalectro-industry";"x mln euro";"88602";"97319"
"Operating returns";"Net turnover";"24-25 Man. of basic metals and -products";"x mln euro";"26435";"28859"
"Operating returns";"Net turnover";"24 Manufacture of basic metals";"x mln euro";"8199";"8820"
"Operating returns";"Net turnover";"241 Manufacture of iron and steel";"x mln euro";"x";"x"
"Operating returns";"Net turnover";"244 Manufacture of non-ferrous metals";"x mln euro";"2232";"2395"
"Operating returns";"Net turnover";"245 Casting of metals";"x mln euro";"596";"731"
"Operating returns";"Net turnover";"25 Manufacture of metal products";"x mln euro";"18236";"20039"
"Operating returns";"Net turnover";"251 Manufacture metal structures, doors";"x mln euro";"7413";"8710"
"Operating returns";"Net turnover";"255 Forging, pressing, stamping";"x mln euro";"1951";"1959"
"Operating returns";"Net turnover";"256 Other treatment of metals, machining";"x mln euro";"3297";"3842"
"Operating returns";"Net turnover";"2561 Treatment and coating of metals";"x mln euro";"1329";"1466"
"Operating returns";"Net turnover";"2562 Machining";"x mln euro";"1968";"2376"
"Operating returns";"Net turnover";"257 Manufacture of hardware";"x mln euro";"625";"801"
"Operating returns";"Net turnover";"259 Manufacture of other metal products";"x mln euro";"3411";"3558"
"Operating returns";"Net turnover";"26-27 Elektrical and electron. Industry";"x mln euro";"19750";"19557"
"Operating returns";"Net turnover";"26-28 Manufact of electronics, machinery";"x mln euro";"40591";"45647"
"Operating returns";"Net turnover";"26 Manufacture of electronic products";"x mln euro";"14889";"14106"
"Operating returns";"Net turnover";"263 Manufacture communication equipment";"x mln euro";"284";"289"
"Operating returns";"Net turnover";"264 Manufacture of consumer electronics";"x mln euro";"540";"568"
"Operating returns";"Net turnover";"265 Manufacture of measuring instruments";"x mln euro";"2673";"2687"
"Operating returns";"Net turnover";"267 Manufacture of optical instruments ";"x mln euro";"191";"."
"Operating returns";"Net turnover";"27 Manufacture of electric equipment";"x mln euro";"4860";"5451"
"Operating returns";"Net turnover";"271 Manufacture of electric motors etc.";"x mln euro";"1258";"1332"
"Operating returns";"Net turnover";"273 Manufacture of wiring and -devices ";"x mln euro";"981";"1014"
"Operating returns";"Net turnover";"274 Manufacture of lighting equipment";"x mln euro";"1464";"1638"
"Operating returns";"Net turnover";"275 Manufacture of domestic appliances";"x mln euro";"484";"553"
"Operating returns";"Net turnover";"28 Manufacture of machinery n.e.c.";"x mln euro";"20842";"26090"
"Operating returns";"Net turnover";"281 Manufacture of engines, pumps etc.";"x mln euro";"3708";"3601"
"Operating returns";"Net turnover";"282 Manufacture of general machinery";"x mln euro";"7064";"8077"
"Operating returns";"Net turnover";"2822 Manufacture of lifting equipment";"x mln euro";"2927";"3319"
"Operating returns";"Net turnover";"2829 Manufacture general-use machinery ";"x mln euro";"2136";"2158"
"Operating returns";"Net turnover";"283 Manufacture agricultural machinery";"x mln euro";"1702";"2219"
"Operating returns";"Net turnover";"284 Manufacture of machine tools";"x mln euro";"317";"278"
"Operating returns";"Net turnover";"289 Manufacture other special machinery";"x mln euro";"8052";"11915"
"Operating returns";"Net turnover";"2899 Manufacture other special machinery";"x mln euro";"5564";"8822"
"Operating returns";"Net turnover";"29-30 Transport equipment";"x mln euro";"12796";"13889"
"Operating returns";"Net turnover";"29 Manufacture of cars and trailers";"x mln euro";"6521";"7959"
"Operating returns";"Net turnover";"291 Manufacture of motor vehicles";"x mln euro";"3931";"5268"
"Operating returns";"Net turnover";"292 Manufacture of bodies and trailers";"x mln euro";"1280";"1283"
"Operating returns";"Net turnover";"293 Manufacture of car parts";"x mln euro";"1310";"1408"
"Operating returns";"Net turnover";"30 Manufacture of other transport";"x mln euro";"6275";"5929"
"Operating returns";"Net turnover";"301 Building of ships and boats";"x mln euro";"4458";"4019"
"Operating returns";"Net turnover";"302 Manufacture of railway rolling stock";"x mln euro";"86";"111"
"Operating returns";"Net turnover";"309 Manufacture of transport n.e.c. ";"x mln euro";"884";"935"
"Operating returns";"Net turnover";"31 Manufacture of furniture";"x mln euro";"3444";"3346"
"Operating returns";"Net turnover";"3101 Manufacture business furniture etc";"x mln euro";"1772";"1767"
"Operating returns";"Net turnover";"32 Manufacture of other products";"x mln euro";"3766";"3892"
"Operating returns";"Net turnover";"325 Manufacture of medical instruments";"x mln euro";"1342";"1520"
"Operating returns";"Net turnover";"329 Manufacture of other products n.e.c.";"x mln euro";"1900";"1859"
"Operating returns";"Net turnover";"32991 Sheltered workshops";"x mln euro";"1333";"1368"
"Operating returns";"Net turnover";"33 Repair and installation of machinery";"x mln euro";"8780";"8924"
"Operating returns";"Net turnover";"331 Repair of machinery and equipment";"x mln euro";"6174";"6679"
"Operating returns";"Net turnover";"3311 Repair of fabricated metal products";"x mln euro";".";"."
"Operating returns";"Net turnover";"332 Installation of industrial machinery";"x mln euro";"2606";"2245"
"Operating returns";"Net turnover";"35-36 Energy and water";"x mln euro";"-";"42967"
"Operating returns";"Net turnover";"D Electricity and gas supply";"x mln euro";"40910";"41426"
"Operating returns";"Net turnover";"35 Electricity and gas supply";"x mln euro";"40910";"41426"
"Operating returns";"Net turnover";"3514 Trade of electricity and gas";"x mln euro";"x";"x"
"Operating returns";"Net turnover";"E Water supply and waste management";"x mln euro";"8806";"9588"
"Operating returns";"Net turnover";"36 Water collection and distribution";"x mln euro";"1537";"1541"
"Operating returns";"Net turnover";"37 Sewerage ";"x mln euro";"644";"658"
"Operating returns";"Net turnover";"38 Waste collection and treatment";"x mln euro";"6253";"6958"
"Operating returns";"Net turnover";"381 Waste collection";"x mln euro";"2365";"2332"
"Operating returns";"Net turnover";"382 Waste treatment and disposal";"x mln euro";"1869";"2075"
"Operating returns";"Net turnover";"383 Materials recovery";"x mln euro";"2020";"2552"
"Operating returns";"Net turnover";"39 Remediation, other waste management ";"x mln euro";"371";"431"
"Operating returns";"Net turnover";"F Construction";"x mln euro";"84245";"87866"
"Operating returns";"Net turnover";"41 Construction buildings, development";"x mln euro";"35079";"36417"
"Operating returns";"Net turnover";"412-439 Construction (no development)";"x mln euro";".";"83110"
"Operating returns";"Net turnover";"412 Construction of buildings";"x mln euro";"29789";"31661"
"Operating returns";"Net turnover";"42 Civil engineering";"x mln euro";"13838";"14706"
"Operating returns";"Net turnover";"421 Construction of roads and railways";"x mln euro";"9172";"10043"
"Operating returns";"Net turnover";"422 Construction of utility projects";"x mln euro";"3373";"3432"
"Operating returns";"Net turnover";"43 Specialised construction activities";"x mln euro";"35328";"36743"
"Operating returns";"Net turnover";"431 Demolition and site preparation";"x mln euro";"2504";"2669"
"Operating returns";"Net turnover";"432 Construction installation";"x mln euro";"18367";"18580"
"Operating returns";"Net turnover";"4322 Plumbing, fitting, installation";"x mln euro";"7676";"7991"
"Operating returns";"Net turnover";"433 Building completion";"x mln euro";"8532";"8895"
"Operating returns";"Net turnover";"4331 Plastering";"x mln euro";"895";"862"
"Operating returns";"Net turnover";"4334 Painting and glazing";"x mln euro";"3390";"3489"
"Operating returns";"Net turnover";"439 Other specialised construction";"x mln euro";"5925";"6600"
"Operating returns";"Net turnover";"4391 Roofing";"x mln euro";"1301";"1503"
"Operating returns";"Net turnover";"G-I Trade, transport, hotels, catering";"x mln euro";"634505";"699036"
"Operating returns";"Net turnover";"G Wholesale and retail trade";"x mln euro";"548888";"607959"
"Operating returns";"Net turnover";"45 Sale and repair of motor vehicles";"x mln euro";"57981";"65818"
"Operating returns";"Net turnover";"451 Sale and repair of motor vehicles";"x mln euro";"45107";"51440"
"Operating returns";"Net turnover";"4511 Sale and repair of cars";"x mln euro";"40403";"46339"
"Operating returns";"Net turnover";"45111 Import of new passenger cars";"x mln euro";"11266";"12474"
"Operating returns";"Net turnover";"45112 Sale of passenger cars, no import";"x mln euro";"29137";"33865"
"Operating returns";"Net turnover";"4519 Sale and repair of trucks, trailers";"x mln euro";"4704";"5101"
"Operating returns";"Net turnover";"452 Specialised repair of motor vehicles";"x mln euro";"2894";"2827"
"Operating returns";"Net turnover";"453 Sale of motor vehicle parts.";"x mln euro";"8689";"9416"
"Operating returns";"Net turnover";"454 Sale and repair of motorcycles";"x mln euro";"1292";"2135"
"Operating returns";"Net turnover";"46 Wholesale trade (no motor vehicles)";"x mln euro";"389009";"437813"
"Operating returns";"Net turnover";"462-469 Wholesale";"x mln euro";"382200";"431228"
"Operating returns";"Net turnover";"462 Wholesale of agricultural products";"x mln euro";"35979";"43527"
"Operating returns";"Net turnover";"4621 Wholesale of grain, seeds etc.";"x mln euro";"23488";"29783"
"Operating returns";"Net turnover";"4622 Wholesale of flowers and plants";"x mln euro";"9221";"9643"
"Operating returns";"Net turnover";"463 Wholesale of food and beverages ";"x mln euro";"67245";"70464"
"Operating returns";"Net turnover";"4631 Wholesale of vegetables, potatoes";"x mln euro";"14353";"13586"
"Operating returns";"Net turnover";"4634 Wholesale of beverages";"x mln euro";"5880";"5925"
"Operating returns";"Net turnover";"4638 Wholesale of other food";"x mln euro";"8729";"9332"
"Operating returns";"Net turnover";"4639 Non-specialised wholesale of food";"x mln euro";"15814";"16774"
"Operating returns";"Net turnover";"464 Wholesale of consumer goods";"x mln euro";"75558";"79627"
"Operating returns";"Net turnover";"4642 Wholesale of clothes, shoes etc";"x mln euro";"8729";"9814"
"Operating returns";"Net turnover";"4643 Wholesale consumer electronics etc";"x mln euro";"10608";"11065"
"Operating returns";"Net turnover";"4646 Wholesale of medical goods";"x mln euro";"30436";"29067"
"Operating returns";"Net turnover";"4647 Wholesale of furniture and carpets";"x mln euro";"2763";"2841"
"Operating returns";"Net turnover";"465 Wholesale of ICT-equipment";"x mln euro";"51267";"59607"
"Operating returns";"Net turnover";"4651 Wholesale of computers and software";"x mln euro";"39786";"47652"
"Operating returns";"Net turnover";"4652 Wholesale of other electronics";"x mln euro";"11481";"11956"
"Operating returns";"Net turnover";"466 Wholesale of other machinery";"x mln euro";"36575";"40718"
"Operating returns";"Net turnover";"467 Other specialised wholesale";"x mln euro";"112042";"133366"
"Operating returns";"Net turnover";"4671 Wholesale of mineral oils";"x mln euro";"65805";"82006"
"Operating returns";"Net turnover";"4672 Wholesale of metals and metal ores";"x mln euro";"6746";"8127"
"Operating returns";"Net turnover";"4673 Wholesale of construction materials";"x mln euro";"15433";"16605"
"Operating returns";"Net turnover";"4675 Wholesale of chemical products";"x mln euro";"11842";"12575"
"Operating returns";"Net turnover";"4677 Wholesale of waste and scrap";"x mln euro";"6591";"7992"
"Operating returns";"Net turnover";"469 Non-specialised wholesale ";"x mln euro";"3535";"3920"
"Operating returns";"Net turnover";"47 Retail trade (not in motor vehicles)";"x mln euro";"101897";"104328"
"Operating returns";"Net turnover";"471 Non-specialised retail sales.";"x mln euro";"32798";"33965"
"Operating returns";"Net turnover";"4719, 474-477Shops in Non-food";"x mln euro";".";"52923"
"Operating returns";"Net turnover";"4711 Supermarkets and similar stores";"x mln euro";"29791";"30877"
"Operating returns";"Net turnover";"4711, 472 Shops in food";"x mln euro";".";"36474"
"Operating returns";"Net turnover";"4719 Department stores";"x mln euro";"3008";"3088"
"Operating returns";"Net turnover";"472 Specialised shops selling food";"x mln euro";"5464";"5597"
"Operating returns";"Net turnover";"473 Petrol stations";"x mln euro";"8141";"8987"
"Operating returns";"Net turnover";"474 Shops selling consumer electronics";"x mln euro";"4497";"4421"
"Operating returns";"Net turnover";"4743 Shops for brown and white goods";"x mln euro";"3205";"3133"
"Operating returns";"Net turnover";"475 Shops for other household equipment";"x mln euro";"13079";"13219"
"Operating returns";"Net turnover";"4751 Shops selling textiles and wool";"x mln euro";"100";"98"
"Operating returns";"Net turnover";"4752 Shops for do-it-yourself articles";"x mln euro";"5638";"5764"
"Operating returns";"Net turnover";"4753 Shops for floor coverings, curtains";"x mln euro";"601";"583"
"Operating returns";"Net turnover";"4754 Shops for electr. household goods ";"x mln euro";"288";"314"
"Operating returns";"Net turnover";"4759 Shops for other household articles";"x mln euro";"6451";"6461"
"Operating returns";"Net turnover";"476 Shops selling recreation goods";"x mln euro";"5135";"5032"
"Operating returns";"Net turnover";"4764 Shops for sports and camping goods";"x mln euro";"2598";"2565"
"Operating returns";"Net turnover";"4765 Shops selling toys";"x mln euro";"911";"875"
"Operating returns";"Net turnover";"477 Shops selling other goods";"x mln euro";"27244";"27164"
"Operating returns";"Net turnover";"4771 Shops selling clothing";"x mln euro";"9697";"9568"
"Operating returns";"Net turnover";"4772 Shops for footwear, leather goods";"x mln euro";"2238";"2264"
"Operating returns";"Net turnover";"4773 Dispensing chemists";"x mln euro";"5372";"5028"
"Operating returns";"Net turnover";"4774 Drugstores, shops for medical goods";"x mln euro";"3401";"3474"
"Operating returns";"Net turnover";"4775 Shops for perfumes, cosmetic goods";"x mln euro";"617";"640"
"Operating returns";"Net turnover";"4776 Shops for flowers, plants and pets";"x mln euro";"2514";"2576"
"Operating returns";"Net turnover";"4777 Shops selling jewellery and watches";"x mln euro";"791";"894"
"Operating returns";"Net turnover";"478 Market sale";"x mln euro";"1180";"1221"
"Operating returns";"Net turnover";"479 Retail sale not via store or market";"x mln euro";"4360";"4722"
"Operating returns";"Net turnover";"4791 Retail sale via internet";"x mln euro";".";"3837"
"Operating returns";"Net turnover";"H+J Transport, ICT";"x mln euro";".";"."
"Operating returns";"Net turnover";"H Transportation and storage";"x mln euro";"67318";"71874"
"Operating returns";"Net turnover";"49 Land transport ";"x mln euro";"24488";"26244"
"Operating returns";"Net turnover";"491-492 Rail transport";"x mln euro";"x";"2295"
"Operating returns";"Net turnover";"493 Passenger transport by road";"x mln euro";"3680";"3903"
"Operating returns";"Net turnover";"4932 Taxi operation";"x mln euro";"1833";"1876"
"Operating returns";"Net turnover";"494 Freight transport by road";"x mln euro";"18186";"19669"
"Operating returns";"Net turnover";"4941 Freight road transport, no removals";"x mln euro";"17767";"19210"
"Operating returns";"Net turnover";"4942 Removal services";"x mln euro";"419";"459"
"Operating returns";"Net turnover";"50 Water transport ";"x mln euro";"7133";"7514"
"Operating returns";"Net turnover";"501-502 Sea water transport";"x mln euro";"4917";"4977"
"Operating returns";"Net turnover";"503-504 Inland water transport";"x mln euro";"2216";"2537"
"Operating returns";"Net turnover";"51 Air transport ";"x mln euro";"9385";"9687"
"Operating returns";"Net turnover";"52 Warehousing, services for transport";"x mln euro";"21427";"23542"
"Operating returns";"Net turnover";"521 Warehousing and storage";"x mln euro";"3528";"3677"
"Operating returns";"Net turnover";"522 Services activities for transport";"x mln euro";"17899";"19865"
"Operating returns";"Net turnover";"5221 Services for land transport";"x mln euro";"739";"799"
"Operating returns";"Net turnover";"5222 Services for water transport";"x mln euro";"1259";"1312"
"Operating returns";"Net turnover";"5223 Services for air transport";"x mln euro";"1312";"1500"
"Operating returns";"Net turnover";"5224 Cargo handling";"x mln euro";"2413";"2609"
"Operating returns";"Net turnover";"5229 Agents for transport and weighing";"x mln euro";"12175";"13645"
"Operating returns";"Net turnover";"53 Postal and courier activities";"x mln euro";"4886";"4888"
"Operating returns";"Net turnover";"Hotels, restaurants and bars";"x mln euro";"14085";"14878"
"Operating returns";"Net turnover";"I Accommodation and food serving";"x mln euro";"18299";"19203"
"Operating returns";"Net turnover";"55 Accommodation";"x mln euro";"5025";"5200"
"Operating returns";"Net turnover";"551 Hotels and similar accommodation";"x mln euro";"3376";"3586"
"Operating returns";"Net turnover";"56 Food and beverage service activities";"x mln euro";"13275";"14003"
"Operating returns";"Net turnover";"561 Restaurants ";"x mln euro";"7662";"8188"
"Operating returns";"Net turnover";"56101 Restaurants";"x mln euro";"5025";"5324"
"Operating returns";"Net turnover";"56102-56103 Snackbars, icecream parlours";"x mln euro";"2637";"2864"
"Operating returns";"Net turnover";"562 Canteens and catering";"x mln euro";"2566";"2710"
"Operating returns";"Net turnover";"563 Bars";"x mln euro";"3047";"3104"
"Operating returns";"Net turnover";"J Information and communication";"x mln euro";"52197";"52969"
"Operating returns";"Net turnover";"58-60 Publishing, movie, radio and  TV";"x mln euro";"10181";"10138"
"Operating returns";"Net turnover";"58 Publishing ";"x mln euro";"6372";"6180"
"Operating returns";"Net turnover";"59 Film, TV and music production etc";"x mln euro";"2070";"2136"
"Operating returns";"Net turnover";"60 Programming and broadcasting";"x mln euro";"1738";"1822"
"Operating returns";"Net turnover";"61 Telecommunications";"x mln euro";"17858";"17459"
"Operating returns";"Net turnover";"62-63 IT- and information services";"x mln euro";"24158";"25371"
"Operating returns";"Net turnover";"62 Support activities in the field of IT";"x mln euro";"22557";"23308"
"Operating returns";"Net turnover";"63 Information service activities";"x mln euro";"1601";"2063"
"Operating returns";"Net turnover";"L Renting, buying, selling real estate";"x mln euro";".";"."
"Operating returns";"Net turnover";"68 Renting, buying, selling real estate";"x mln euro";".";"."
"Operating returns";"Net turnover";"69 Legal services, administration etc.";"x mln euro";"15286";"15653"
"Operating returns";"Net turnover";"691 Legal activities";"x mln euro";"5662";"5927"
"Operating returns";"Net turnover";"692 Accounting, administration etc.";"x mln euro";"9624";"9726"
"Operating returns";"Net turnover";"70102 Holding companies (not financial)";"x mln euro";"7924";"7084"
"Operating returns";"Net turnover";"702 Management and business consultancy";"x mln euro";"14886";"15326"
"Operating returns";"Net turnover";"71 Architects, technical services etc.";"x mln euro";"15344";"15496"
"Operating returns";"Net turnover";"711 Architects, engineers etc.";"x mln euro";"13400";"13495"
"Operating returns";"Net turnover";"7111 Architects";"x mln euro";"1329";"1205"
"Operating returns";"Net turnover";"7112 Engineers and technical consultancy";"x mln euro";"12071";"12290"
"Operating returns";"Net turnover";"712 Technical testing and analysis";"x mln euro";"1944";"2000"
"Operating returns";"Net turnover";"72 Research and development";"x mln euro";"3747";"3983"
"Operating returns";"Net turnover";"73-75 Advertising, design and other";"x mln euro";"16365";"16273"
"Operating returns";"Net turnover";"73 Advertising and market research";"x mln euro";"8390";"8093"
"Operating returns";"Net turnover";"731 Advertising";"x mln euro";"6587";"6341"
"Operating returns";"Net turnover";"732 Market research and opinion polling ";"x mln euro";"1803";"1753"
"Operating returns";"Net turnover";"74 Other specialised business services";"x mln euro";"7197";"7317"
"Operating returns";"Net turnover";"75 Veterinary activities";"x mln euro";"777";"863"
"Operating returns";"Net turnover";"N Renting and other business support";"x mln euro";"48994";"52406"
"Operating returns";"Net turnover";"77 Renting and leasing of tangible goods";"x mln euro";"10395";"10968"
"Operating returns";"Net turnover";"771 Renting of motor vehicles";"x mln euro";"5421";"6194"
"Operating returns";"Net turnover";"772 Renting of consumer goods";"x mln euro";"1378";"1214"
"Operating returns";"Net turnover";"78 Employment activities";"x mln euro";"18787";"20625"
"Operating returns";"Net turnover";"781 Employment placement agencies";"x mln euro";"1363";"1599"
"Operating returns";"Net turnover";"782 Provision of temporary employment";"x mln euro";"16884";"18313"
"Operating returns";"Net turnover";"78203 Job pools (employment projects)";"x mln euro";"221";"175"
"Operating returns";"Net turnover";"783 Payrolling";"x mln euro";"540";"713"
"Operating returns";"Net turnover";"79 Travel agencies, tour operators etc";"x mln euro";"7199";"7855"
"Operating returns";"Net turnover";"7912 Tour operators";"x mln euro";"3890";"4161"
"Operating returns";"Net turnover";"80 Security and investigation";"x mln euro";"1897";"1950"
"Operating returns";"Net turnover";"81 Facility management";"x mln euro";"6930";"7442"
"Operating returns";"Net turnover";"812 Cleaning activities";"x mln euro";"4696";"4998"
"Operating returns";"Net turnover";"8121 General cleaning of buildings";"x mln euro";"3569";"3650"
"Operating returns";"Net turnover";"82 Other business services";"x mln euro";"3786";"3566"
"Operating returns";"Net turnover";"95 Repair computers and consumer goods";"x mln euro";"889";"903"
"Operating returns";"Net turnover";"96 Other personal services";"x mln euro";"4136";"4236"
"Operating returns";"Net turnover";"9601 Cleaning of clothes of textile ";"x mln euro";"839";"850"
"Operating returns";"Net turnover";"9602 Hairdressing and beauty treatment";"x mln euro";"1965";"2043"
"Operating returns";"Net turnover";"9603 Funeral and related activities";"x mln euro";"1044";"1056"